{
  "trained_at": "2026-07-20T19:41:06.509325+00:00",
  "metrics": {
    "n_train": 13323,
    "n_test": 3325,
    "accuracy": 0.5251127819548872,
    "auc": 0.5313295238095238,
    "auc_raw": 0.5313295238095238,
    "flip": false,
    "brier": 0.24883264461730334,
    "logloss": 0.6908009820137345,
    "base_rate": 0.47106507543346093,
    "brier_lgbm": 0.24929699273860895,
    "brier_xgb": 0.24960601354854706,
    "brier_lstm": 0.3381249683304845,
    "tradeable": false,
    "trade_block_reason": "auc < 0.54"
  },
  "weights": {
    "lgbm": 0.8,
    "xgb": 0.1,
    "lstm": 0.09999999999999995
  },
  "n_ticks_used": 26818,
  "n_trainable_labels": 16654
}