{
  "trained_at": "2026-06-18T07:43:46.636554+00:00",
  "metrics": {
    "n_train": 9066,
    "n_test": 2261,
    "accuracy": 0.49181777974347635,
    "auc": 0.49009325377263857,
    "auc_raw": 0.49009325377263857,
    "flip": false,
    "brier": 0.25308836939550433,
    "logloss": 0.6993846094737086,
    "base_rate": 0.45819545554820207,
    "brier_lgbm": 0.2536779908007369,
    "brier_xgb": 0.25311866363857544,
    "brier_lstm": 0.35659239863687886,
    "tradeable": false,
    "trade_block_reason": "auc < 0.54"
  },
  "weights": {
    "lgbm": 0.0,
    "xgb": 0.9,
    "lstm": 0.09999999999999998
  },
  "n_ticks_used": 18376,
  "n_trainable_labels": 11333
}