{
  "trained_at": "2026-05-01T12:23:11.743519+00:00",
  "metrics": {
    "n_train": 340,
    "n_test": 80,
    "accuracy": 0.5,
    "auc": 0.49163636363636365,
    "auc_raw": 0.49163636363636365,
    "flip": false,
    "brier": 0.23348607732914478,
    "logloss": 0.6589311399708893,
    "base_rate": 0.4088235294117647,
    "brier_lgbm": 0.21563308326322234,
    "brier_xgb": 0.259032398405957,
    "brier_lstm": 0.5795032841629164
  },
  "weights": {
    "lgbm": 0.8,
    "xgb": 0.1,
    "lstm": 0.09999999999999995
  },
  "n_ticks_used": 486
}