{
  "trained_at": "2026-05-11T18:40:55.650633+00:00",
  "metrics": {
    "n_train": 2339,
    "n_test": 579,
    "accuracy": 0.5457685664939551,
    "auc": 0.5378964720604514,
    "auc_raw": 0.5378964720604514,
    "flip": false,
    "brier": 0.2493415783286015,
    "logloss": 0.691896969107741,
    "base_rate": 0.46558358272766137,
    "brier_lgbm": 0.2654839605954513,
    "brier_xgb": 0.2493415783286015,
    "brier_lstm": 0.3687330392409161,
    "tradeable": false,
    "trade_block_reason": "auc < 0.54"
  },
  "weights": {
    "lgbm": 0.0,
    "xgb": 1.0,
    "lstm": 0.0
  },
  "n_ticks_used": 4980,
  "n_trainable_labels": 2924
}