{
  "trained_at": "2026-06-23T18:44:57.036617+00:00",
  "metrics": {
    "n_train": 10004,
    "n_test": 2495,
    "accuracy": 0.5170340681362725,
    "auc": 0.5083353895503053,
    "auc_raw": 0.5083353895503053,
    "flip": false,
    "brier": 0.25200342021045785,
    "logloss": 0.6972112600989561,
    "base_rate": 0.4604158336665334,
    "brier_lgbm": 0.2535720676423975,
    "brier_xgb": 0.2527237278942715,
    "brier_lstm": 0.3386192231728191,
    "tradeable": false,
    "trade_block_reason": "auc < 0.54"
  },
  "weights": {
    "lgbm": 0.0,
    "xgb": 0.9,
    "lstm": 0.09999999999999998
  },
  "n_ticks_used": 20211,
  "n_trainable_labels": 12505
}