{
  "trained_at": "2026-06-06T00:44:29.900170+00:00",
  "metrics": {
    "n_train": 7059,
    "n_test": 1759,
    "accuracy": 0.5048322910744741,
    "auc": 0.49497167486729465,
    "auc_raw": 0.49497167486729465,
    "flip": false,
    "brier": 0.2513769393264518,
    "logloss": 0.6959231442522843,
    "base_rate": 0.45218869528261796,
    "brier_lgbm": 0.2513769393264518,
    "brier_xgb": 0.2527010477133105,
    "brier_lstm": 0.38494330032472485,
    "tradeable": false,
    "trade_block_reason": "auc < 0.54"
  },
  "weights": {
    "lgbm": 1.0,
    "xgb": 0.0,
    "lstm": 0.0
  },
  "n_ticks_used": 14354,
  "n_trainable_labels": 8824
}