{
  "trained_at": "2026-06-13T12:39:54.963781+00:00",
  "metrics": {
    "n_train": 8360,
    "n_test": 2084,
    "accuracy": 0.5091170825335892,
    "auc": 0.5335539496773659,
    "auc_raw": 0.5335539496773659,
    "flip": false,
    "brier": 0.24957528616294516,
    "logloss": 0.6922647397404713,
    "base_rate": 0.4582535885167464,
    "brier_lgbm": 0.24971134591017535,
    "brier_xgb": 0.25261575581896034,
    "brier_lstm": 0.35841748700721915,
    "tradeable": false,
    "trade_block_reason": "auc < 0.54"
  },
  "weights": {
    "lgbm": 0.8,
    "xgb": 0.2,
    "lstm": -5.551115123125783e-17
  },
  "n_ticks_used": 16924,
  "n_trainable_labels": 10450
}