{
  "trained_at": "2026-06-29T18:44:35.075403+00:00",
  "metrics": {
    "n_train": 11208,
    "n_test": 2796,
    "accuracy": 0.49642346208869814,
    "auc": 0.5066225589377283,
    "auc_raw": 0.5066225589377283,
    "flip": false,
    "brier": 0.25035031051465334,
    "logloss": 0.6938426577853898,
    "base_rate": 0.4681477516059957,
    "brier_lgbm": 0.25035031051465334,
    "brier_xgb": 0.25866372323175135,
    "brier_lstm": 0.37800378405679974,
    "tradeable": false,
    "trade_block_reason": "auc < 0.54"
  },
  "weights": {
    "lgbm": 1.0,
    "xgb": 0.0,
    "lstm": 0.0
  },
  "n_ticks_used": 22572,
  "n_trainable_labels": 14010
}