{
  "trained_at": "2026-06-04T18:49:47.477364+00:00",
  "metrics": {
    "n_train": 6809,
    "n_test": 1697,
    "accuracy": 0.501473187978786,
    "auc": 0.4936182676306401,
    "auc_raw": 0.4936182676306401,
    "flip": false,
    "brier": 0.2520648864112161,
    "logloss": 0.6973311235299645,
    "base_rate": 0.45292994566015565,
    "brier_lgbm": 0.252124711242057,
    "brier_xgb": 0.2524282108755403,
    "brier_lstm": 0.39448206797238317,
    "tradeable": false,
    "trade_block_reason": "auc < 0.54"
  },
  "weights": {
    "lgbm": 0.7000000000000001,
    "xgb": 0.30000000000000004,
    "lstm": -1.1102230246251565e-16
  },
  "n_ticks_used": 13866,
  "n_trainable_labels": 8512
}