{
  "trained_at": "2026-07-06T19:52:57.572590+00:00",
  "metrics": {
    "n_train": 11961,
    "n_test": 2985,
    "accuracy": 0.5336683417085427,
    "auc": 0.5149093661847514,
    "auc_raw": 0.5149093661847514,
    "flip": false,
    "brier": 0.2498352151914284,
    "logloss": 0.6929460647330766,
    "base_rate": 0.47019479976590584,
    "brier_lgbm": 0.2736413214851248,
    "brier_xgb": 0.2498352151914284,
    "brier_lstm": 0.3754666587705327,
    "tradeable": false,
    "trade_block_reason": "auc < 0.54"
  },
  "weights": {
    "lgbm": 0.0,
    "xgb": 1.0,
    "lstm": 0.0
  },
  "n_ticks_used": 24122,
  "n_trainable_labels": 14952
}