{
  "trained_at": "2026-04-29T12:35:37.723854+00:00",
  "metrics": {
    "n_train": 284,
    "n_test": 65,
    "accuracy": 0.27692307692307694,
    "auc": 0.9846491228070176,
    "brier": 0.29035352325288594,
    "logloss": 0.7728785229915164,
    "base_rate": 0.4894366197183099,
    "brier_lgbm": 0.267895597744824,
    "brier_xgb": 0.2866958705005046,
    "brier_lstm": 0.6366634503098838
  },
  "weights": {
    "lgbm": 0.8,
    "xgb": 0.1,
    "lstm": 0.09999999999999995
  },
  "n_ticks_used": 415
}