{
  "trained_at": "2026-07-21T02:12:42.039452+00:00",
  "metrics": {
    "n_train": 13358,
    "n_test": 3334,
    "accuracy": 0.5233953209358129,
    "auc": 0.528660020613735,
    "auc_raw": 0.528660020613735,
    "flip": false,
    "brier": 0.24892350531023277,
    "logloss": 0.6909672865913944,
    "base_rate": 0.4714029046264411,
    "brier_lgbm": 0.2490729503496557,
    "brier_xgb": 0.24996195367020968,
    "brier_lstm": 0.3504342900495702,
    "tradeable": false,
    "trade_block_reason": "auc < 0.54"
  },
  "weights": {
    "lgbm": 0.9,
    "xgb": 0.0,
    "lstm": 0.09999999999999998
  },
  "n_ticks_used": 26887,
  "n_trainable_labels": 16698
}