{
  "trained_at": "2026-05-20T07:16:41.298604+00:00",
  "metrics": {
    "n_train": 4144,
    "n_test": 1031,
    "accuracy": 0.5829291949563531,
    "auc": 0.5525942487086577,
    "auc_raw": 0.5525942487086577,
    "flip": false,
    "brier": 0.24248732547101712,
    "logloss": 0.6779318032736309,
    "base_rate": 0.45246138996138996,
    "brier_lgbm": 0.24248732547101712,
    "brier_xgb": 0.24409513414931122,
    "brier_lstm": 0.35466358971473094,
    "tradeable": true,
    "trade_block_reason": "ok"
  },
  "weights": {
    "lgbm": 1.0,
    "xgb": 0.0,
    "lstm": 0.0
  },
  "n_ticks_used": 8571,
  "n_trainable_labels": 5181
}