{
  "trained_at": "2026-06-08T00:48:06.703347+00:00",
  "metrics": {
    "n_train": 7531,
    "n_test": 1877,
    "accuracy": 0.49760255727224295,
    "auc": 0.45393390628197255,
    "auc_raw": 0.45393390628197255,
    "flip": false,
    "brier": 0.2539141785500241,
    "logloss": 0.7013875105215586,
    "base_rate": 0.4521311910768822,
    "brier_lgbm": 0.25427838991452095,
    "brier_xgb": 0.2541117810303968,
    "brier_lstm": 0.35733912416093966,
    "tradeable": false,
    "trade_block_reason": "auc < 0.54"
  },
  "weights": {
    "lgbm": 0.4,
    "xgb": 0.6000000000000001,
    "lstm": -1.1102230246251565e-16
  },
  "n_ticks_used": 15281,
  "n_trainable_labels": 9414
}