{
  "trained_at": "2026-06-08T07:45:02.720150+00:00",
  "metrics": {
    "n_train": 7560,
    "n_test": 1884,
    "accuracy": 0.4962845010615711,
    "auc": 0.46890854065862647,
    "auc_raw": 0.46890854065862647,
    "flip": false,
    "brier": 0.2547079982939154,
    "logloss": 0.7032139051455337,
    "base_rate": 0.451984126984127,
    "brier_lgbm": 0.2547645699253619,
    "brier_xgb": 0.2554118510382968,
    "brier_lstm": 0.36073821415077045,
    "tradeable": false,
    "trade_block_reason": "auc < 0.54"
  },
  "weights": {
    "lgbm": 0.8,
    "xgb": 0.2,
    "lstm": -5.551115123125783e-17
  },
  "n_ticks_used": 15338,
  "n_trainable_labels": 9450
}