{
  "trained_at": "2026-05-28T00:40:03.718161+00:00",
  "metrics": {
    "n_train": 5571,
    "n_test": 1387,
    "accuracy": 0.5191059841384282,
    "auc": 0.48519115509406774,
    "auc_raw": 0.48519115509406774,
    "flip": false,
    "brier": 0.2509804722607459,
    "logloss": 0.6951296644838133,
    "base_rate": 0.4464189553042542,
    "brier_lgbm": 0.2511599250553208,
    "brier_xgb": 0.2509804722607459,
    "brier_lstm": 0.381685227307273,
    "tradeable": false,
    "trade_block_reason": "auc < 0.54"
  },
  "weights": {
    "lgbm": 0.0,
    "xgb": 1.0,
    "lstm": 0.0
  },
  "n_ticks_used": 11413,
  "n_trainable_labels": 6964
}