{
  "trained_at": "2026-07-19T13:09:15.940198+00:00",
  "metrics": {
    "n_train": 13207,
    "n_test": 3296,
    "accuracy": 0.5324635922330098,
    "auc": 0.5311352512568379,
    "auc_raw": 0.5311352512568379,
    "flip": false,
    "brier": 0.2488573240846564,
    "logloss": 0.6908533309701352,
    "base_rate": 0.4693723025668206,
    "brier_lgbm": 0.24917188606147112,
    "brier_xgb": 0.24943578436084862,
    "brier_lstm": 0.34522990397992204,
    "tradeable": false,
    "trade_block_reason": "auc < 0.54"
  },
  "weights": {
    "lgbm": 0.9,
    "xgb": 0.0,
    "lstm": 0.09999999999999998
  },
  "n_ticks_used": 26582,
  "n_trainable_labels": 16509
}