{
  "trained_at": "2026-05-18T00:41:13.704502+00:00",
  "metrics": {
    "n_train": 3773,
    "n_test": 938,
    "accuracy": 0.5746268656716418,
    "auc": 0.49267740996483056,
    "auc_raw": 0.49267740996483056,
    "flip": false,
    "brier": 0.2442717563138086,
    "logloss": 0.681642765516913,
    "base_rate": 0.4585210707659687,
    "brier_lgbm": 0.24570987557818616,
    "brier_xgb": 0.2451519771228557,
    "brier_lstm": 0.3608497638443314,
    "tradeable": false,
    "trade_block_reason": "auc < 0.54"
  },
  "weights": {
    "lgbm": 0.5,
    "xgb": 0.4,
    "lstm": 0.09999999999999998
  },
  "n_ticks_used": 7828,
  "n_trainable_labels": 4717
}