{
  "trained_at": "2026-05-29T18:55:29.372989+00:00",
  "metrics": {
    "n_train": 5780,
    "n_test": 1439,
    "accuracy": 0.48783877692842254,
    "auc": 0.512636509077419,
    "auc_raw": 0.512636509077419,
    "flip": false,
    "brier": 0.25524103439601586,
    "logloss": 0.7037119412707059,
    "base_rate": 0.43858131487889274,
    "brier_lgbm": 0.25558690924714933,
    "brier_xgb": 0.255263239688945,
    "brier_lstm": 0.366696816350761,
    "tradeable": false,
    "trade_block_reason": "auc < 0.54"
  },
  "weights": {
    "lgbm": 0.2,
    "xgb": 0.8,
    "lstm": 0.0
  },
  "n_ticks_used": 11843,
  "n_trainable_labels": 7225
}