{
  "trained_at": "2026-05-24T12:28:11.006765+00:00",
  "metrics": {
    "n_train": 4996,
    "n_test": 1243,
    "accuracy": 0.5953338696701529,
    "auc": 0.4880677070698902,
    "auc_raw": 0.4880677070698902,
    "flip": false,
    "brier": 0.24360092640998793,
    "logloss": 0.6803243981708067,
    "base_rate": 0.44935948759007205,
    "brier_lgbm": 0.24594701714928263,
    "brier_xgb": 0.24360092640998793,
    "brier_lstm": 0.35922894833859287,
    "tradeable": false,
    "trade_block_reason": "auc < 0.54"
  },
  "weights": {
    "lgbm": 0.0,
    "xgb": 1.0,
    "lstm": 0.0
  },
  "n_ticks_used": 10236,
  "n_trainable_labels": 6245
}