{
  "trained_at": "2026-05-26T18:51:22.547627+00:00",
  "metrics": {
    "n_train": 5364,
    "n_test": 1336,
    "accuracy": 0.5359281437125748,
    "auc": 0.5124924567897898,
    "auc_raw": 0.5124924567897898,
    "flip": false,
    "brier": 0.24902686938529955,
    "logloss": 0.6912324615269168,
    "base_rate": 0.44686800894854584,
    "brier_lgbm": 0.24986832827786312,
    "brier_xgb": 0.24902686938529955,
    "brier_lstm": 0.3690116512861667,
    "tradeable": false,
    "trade_block_reason": "auc < 0.54"
  },
  "weights": {
    "lgbm": 0.0,
    "xgb": 1.0,
    "lstm": 0.0
  },
  "n_ticks_used": 11003,
  "n_trainable_labels": 6706
}