{
  "trained_at": "2026-05-01T00:39:09.698579+00:00",
  "metrics": {
    "n_train": 329,
    "n_test": 77,
    "accuracy": 0.5844155844155844,
    "auc": 0.4946236559139785,
    "auc_raw": 0.4946236559139785,
    "flip": false,
    "brier": 0.23176684702131434,
    "logloss": 0.655755938925994,
    "base_rate": 0.42249240121580545,
    "brier_lgbm": 0.2209881021399281,
    "brier_xgb": 0.3497601482060944,
    "brier_lstm": 0.386719305641679
  },
  "weights": {
    "lgbm": 0.8,
    "xgb": 0.1,
    "lstm": 0.09999999999999995
  },
  "n_ticks_used": 472
}