{
  "trained_at": "2026-06-23T07:18:14.132631+00:00",
  "metrics": {
    "n_train": 9918,
    "n_test": 2474,
    "accuracy": 0.4834276475343573,
    "auc": 0.4774404912449931,
    "auc_raw": 0.4774404912449931,
    "flip": false,
    "brier": 0.2521425599098444,
    "logloss": 0.6974882743602444,
    "base_rate": 0.4619883040935672,
    "brier_lgbm": 0.2521425599098444,
    "brier_xgb": 0.2528624677404044,
    "brier_lstm": 0.3733168575556832,
    "tradeable": false,
    "trade_block_reason": "auc < 0.54"
  },
  "weights": {
    "lgbm": 1.0,
    "xgb": 0.0,
    "lstm": 0.0
  },
  "n_ticks_used": 20051,
  "n_trainable_labels": 12398
}