{
  "trained_at": "2026-06-08T13:30:29.580681+00:00",
  "metrics": {
    "n_train": 7580,
    "n_test": 1890,
    "accuracy": 0.5079365079365079,
    "auc": 0.46772420608908744,
    "auc_raw": 0.46772420608908744,
    "flip": false,
    "brier": 0.25171548815944056,
    "logloss": 0.6966007654964433,
    "base_rate": 0.4507915567282322,
    "brier_lgbm": 0.2522490624660168,
    "brier_xgb": 0.25171548815944056,
    "brier_lstm": 0.3619843755804119,
    "tradeable": false,
    "trade_block_reason": "auc < 0.54"
  },
  "weights": {
    "lgbm": 0.0,
    "xgb": 1.0,
    "lstm": 0.0
  },
  "n_ticks_used": 15379,
  "n_trainable_labels": 9476
}