{
  "trained_at": "2026-05-08T18:32:21.903475+00:00",
  "metrics": {
    "n_train": 1552,
    "n_test": 389,
    "accuracy": 0.5424164524421594,
    "auc": 0.6273630118749667,
    "auc_raw": 0.37263698812503326,
    "flip": true,
    "brier": 0.2458042884513826,
    "logloss": 0.6846346217114877,
    "base_rate": 0.46585051546391754,
    "brier_lgbm": 0.2377911018797318,
    "brier_xgb": 0.2458042884513826,
    "tradeable": false,
    "trade_block_reason": "brier > 0.245"
  },
  "weights": {
    "lgbm": 0.0,
    "xgb": 1.0
  },
  "n_ticks_used": 3392,
  "n_trainable_labels": 1941
}