{
  "trained_at": "2026-06-12T00:50:21.627453+00:00",
  "metrics": {
    "n_train": 8124,
    "n_test": 2025,
    "accuracy": 0.5160493827160494,
    "auc": 0.5179998125629671,
    "auc_raw": 0.5179998125629671,
    "flip": false,
    "brier": 0.2509354074007921,
    "logloss": 0.6950510222756313,
    "base_rate": 0.4554406696208764,
    "brier_lgbm": 0.2518313781744795,
    "brier_xgb": 0.25113977562876605,
    "brier_lstm": 0.3420304926373689,
    "tradeable": false,
    "trade_block_reason": "auc < 0.54"
  },
  "weights": {
    "lgbm": 0.0,
    "xgb": 0.9,
    "lstm": 0.09999999999999998
  },
  "n_ticks_used": 16467,
  "n_trainable_labels": 10155
}