{
  "trained_at": "2026-07-24T02:14:16.249346+00:00",
  "metrics": {
    "n_train": 13601,
    "n_test": 3395,
    "accuracy": 0.5075110456553755,
    "auc": 0.5219265367316341,
    "auc_raw": 0.5219265367316341,
    "flip": false,
    "brier": 0.2504243696425,
    "logloss": 0.6940058042572318,
    "base_rate": 0.47297992794647453,
    "brier_lgbm": 0.25052017151020267,
    "brier_xgb": 0.2507224426683891,
    "brier_lstm": 0.35466736192865034,
    "tradeable": false,
    "trade_block_reason": "auc < 0.54"
  },
  "weights": {
    "lgbm": 0.9,
    "xgb": 0.0,
    "lstm": 0.09999999999999998
  },
  "n_ticks_used": 27394,
  "n_trainable_labels": 17002
}