{
  "trained_at": "2026-07-19T02:13:17.987107+00:00",
  "metrics": {
    "n_train": 13171,
    "n_test": 3287,
    "accuracy": 0.5199269850927898,
    "auc": 0.5063451974234418,
    "auc_raw": 0.5063451974234418,
    "flip": false,
    "brier": 0.2488931870417255,
    "logloss": 0.6909068060261196,
    "base_rate": 0.46822564725533367,
    "brier_lgbm": 0.2488931870417255,
    "brier_xgb": 0.24909130110312347,
    "brier_lstm": 0.3667963944706568,
    "tradeable": false,
    "trade_block_reason": "auc < 0.54"
  },
  "weights": {
    "lgbm": 1.0,
    "xgb": 0.0,
    "lstm": 0.0
  },
  "n_ticks_used": 26511,
  "n_trainable_labels": 16464
}