{
  "trained_at": "2026-07-18T13:05:34.330041+00:00",
  "metrics": {
    "n_train": 13083,
    "n_test": 3265,
    "accuracy": 0.5154670750382848,
    "auc": 0.5200961013383131,
    "auc_raw": 0.5200961013383131,
    "flip": false,
    "brier": 0.2494972436037963,
    "logloss": 0.6921381277619797,
    "base_rate": 0.4677826186654437,
    "brier_lgbm": 0.24973475035648549,
    "brier_xgb": 0.2494972436037963,
    "brier_lstm": 0.352101745074044,
    "tradeable": false,
    "trade_block_reason": "auc < 0.54"
  },
  "weights": {
    "lgbm": 0.0,
    "xgb": 1.0,
    "lstm": 0.0
  },
  "n_ticks_used": 26352,
  "n_trainable_labels": 16354
}