{
  "trained_at": "2026-06-06T18:30:42.447124+00:00",
  "metrics": {
    "n_train": 7245,
    "n_test": 1806,
    "accuracy": 0.4983388704318937,
    "auc": 0.48441022179955207,
    "auc_raw": 0.48441022179955207,
    "flip": false,
    "brier": 0.25230978382673813,
    "logloss": 0.6978279217800217,
    "base_rate": 0.45175983436853,
    "brier_lgbm": 0.25230978382673813,
    "brier_xgb": 0.2531192696938933,
    "brier_lstm": 0.3564688872535081,
    "tradeable": false,
    "trade_block_reason": "auc < 0.54"
  },
  "weights": {
    "lgbm": 1.0,
    "xgb": 0.0,
    "lstm": 0.0
  },
  "n_ticks_used": 14710,
  "n_trainable_labels": 9057
}