{
  "trained_at": "2026-05-14T12:39:48.046740+00:00",
  "metrics": {
    "n_train": 2832,
    "n_test": 703,
    "accuracy": 0.5135135135135135,
    "auc": 0.49494090982677674,
    "auc_raw": 0.49494090982677674,
    "flip": false,
    "brier": 0.2517467172205752,
    "logloss": 0.6967079512125494,
    "base_rate": 0.4548022598870056,
    "brier_lgbm": 0.2517467172205752,
    "brier_xgb": 0.2554260908816686,
    "brier_lstm": 0.35667924296682657,
    "tradeable": false,
    "trade_block_reason": "auc < 0.54"
  },
  "weights": {
    "lgbm": 1.0,
    "xgb": 0.0,
    "lstm": 0.0
  },
  "n_ticks_used": 5987,
  "n_trainable_labels": 3541
}