{
  "trained_at": "2026-07-17T02:13:09.940737+00:00",
  "metrics": {
    "n_train": 12949,
    "n_test": 3232,
    "accuracy": 0.5160891089108911,
    "auc": 0.5253642354658472,
    "auc_raw": 0.5253642354658472,
    "flip": false,
    "brier": 0.24923430968399213,
    "logloss": 0.6915778133754127,
    "base_rate": 0.46744922387829174,
    "brier_lgbm": 0.24997674211946996,
    "brier_xgb": 0.24923430968399213,
    "brier_lstm": 0.3543421574891287,
    "tradeable": false,
    "trade_block_reason": "auc < 0.54"
  },
  "weights": {
    "lgbm": 0.0,
    "xgb": 1.0,
    "lstm": 0.0
  },
  "n_ticks_used": 26080,
  "n_trainable_labels": 16187
}