{
  "trained_at": "2026-05-05T18:33:38.939800+00:00",
  "metrics": {
    "n_train": 872,
    "n_test": 219,
    "accuracy": 0.5707762557077626,
    "auc": 0.579937304075235,
    "auc_raw": 0.42006269592476486,
    "flip": true,
    "brier": 0.24082578758238968,
    "logloss": 0.6745305515919896,
    "base_rate": 0.4954128440366973,
    "brier_lgbm": 0.24082578758238968,
    "brier_xgb": 0.23492467543851997,
    "tradeable": true,
    "trade_block_reason": "ok"
  },
  "weights": {
    "lgbm": 1.0,
    "xgb": 0.0
  },
  "n_ticks_used": 2021,
  "n_trainable_labels": 1091
}