{
  "trained_at": "2026-05-17T12:24:17.925369+00:00",
  "metrics": {
    "n_train": 3591,
    "n_test": 892,
    "accuracy": 0.6065022421524664,
    "auc": 0.49884785353535355,
    "auc_raw": 0.49884785353535355,
    "flip": false,
    "brier": 0.24394056295474784,
    "logloss": 0.6810082145373239,
    "base_rate": 0.467000835421888,
    "brier_lgbm": 0.24532206320655267,
    "brier_xgb": 0.24394056295474784,
    "brier_lstm": 0.35684648774146555,
    "tradeable": false,
    "trade_block_reason": "auc < 0.54"
  },
  "weights": {
    "lgbm": 0.0,
    "xgb": 1.0,
    "lstm": 0.0
  },
  "n_ticks_used": 7470,
  "n_trainable_labels": 4489
}