{
  "trained_at": "2026-07-16T13:42:17.263946+00:00",
  "metrics": {
    "n_train": 12896,
    "n_test": 3219,
    "accuracy": 0.5380552966759863,
    "auc": 0.5431701060814791,
    "auc_raw": 0.5431701060814791,
    "flip": false,
    "brier": 0.24835849351779532,
    "logloss": 0.6898533585023178,
    "base_rate": 0.4683622828784119,
    "brier_lgbm": 0.2493870463207959,
    "brier_xgb": 0.249373140384832,
    "brier_lstm": 0.34118041318920395,
    "tradeable": false,
    "trade_block_reason": "brier > 0.245"
  },
  "weights": {
    "lgbm": 0.1,
    "xgb": 0.8,
    "lstm": 0.09999999999999998
  },
  "n_ticks_used": 25966,
  "n_trainable_labels": 16121
}