{
  "trained_at": "2026-05-11T13:01:59.938009+00:00",
  "metrics": {
    "n_train": 2296,
    "n_test": 568,
    "accuracy": 0.579225352112676,
    "auc": 0.5238312082574377,
    "auc_raw": 0.5238312082574377,
    "flip": false,
    "brier": 0.24601690375520732,
    "logloss": 0.6852169651913308,
    "base_rate": 0.46777003484320556,
    "brier_lgbm": 0.24794720660418484,
    "brier_xgb": 0.24601690375520732,
    "brier_lstm": 0.3924356731036197,
    "tradeable": false,
    "trade_block_reason": "auc < 0.54"
  },
  "weights": {
    "lgbm": 0.0,
    "xgb": 1.0,
    "lstm": 0.0
  },
  "n_ticks_used": 4894,
  "n_trainable_labels": 2870
}