{
  "trained_at": "2026-06-02T00:48:50.128141+00:00",
  "metrics": {
    "n_train": 6504,
    "n_test": 1620,
    "accuracy": 0.5166666666666667,
    "auc": 0.48665240641711227,
    "auc_raw": 0.48665240641711227,
    "flip": false,
    "brier": 0.25056965394147057,
    "logloss": 0.6942871359873606,
    "base_rate": 0.44956949569495697,
    "brier_lgbm": 0.25208106479642906,
    "brier_xgb": 0.25056965394147057,
    "brier_lstm": 0.40395003925778616,
    "tradeable": false,
    "trade_block_reason": "auc < 0.54"
  },
  "weights": {
    "lgbm": 0.0,
    "xgb": 1.0,
    "lstm": 0.0
  },
  "n_ticks_used": 13235,
  "n_trainable_labels": 8130
}