{
  "trained_at": "2026-07-23T02:16:33.351119+00:00",
  "metrics": {
    "n_train": 13524,
    "n_test": 3375,
    "accuracy": 0.5060740740740741,
    "auc": 0.5207686457171012,
    "auc_raw": 0.5207686457171012,
    "flip": false,
    "brier": 0.2501610673462039,
    "logloss": 0.693474139208053,
    "base_rate": 0.47360248447204967,
    "brier_lgbm": 0.250802294709745,
    "brier_xgb": 0.25047406730586586,
    "brier_lstm": 0.3391487820760113,
    "tradeable": false,
    "trade_block_reason": "auc < 0.54"
  },
  "weights": {
    "lgbm": 0.0,
    "xgb": 0.9,
    "lstm": 0.09999999999999998
  },
  "n_ticks_used": 27228,
  "n_trainable_labels": 16905
}