{
  "trained_at": "2026-06-05T00:46:36.615738+00:00",
  "metrics": {
    "n_train": 6880,
    "n_test": 1714,
    "accuracy": 0.5105017502917153,
    "auc": 0.5129770409866558,
    "auc_raw": 0.5129770409866558,
    "flip": false,
    "brier": 0.250809285291124,
    "logloss": 0.6947612405368525,
    "base_rate": 0.45406976744186045,
    "brier_lgbm": 0.250818137353054,
    "brier_xgb": 0.25136552988806227,
    "brier_lstm": 0.3964503647047742,
    "tradeable": false,
    "trade_block_reason": "auc < 0.54"
  },
  "weights": {
    "lgbm": 0.9,
    "xgb": 0.1,
    "lstm": -2.7755575615628914e-17
  },
  "n_ticks_used": 14002,
  "n_trainable_labels": 8600
}