{
  "trained_at": "2026-06-25T07:14:48.199201+00:00",
  "metrics": {
    "n_train": 10268,
    "n_test": 2561,
    "accuracy": 0.5044904334244436,
    "auc": 0.4808988976508594,
    "auc_raw": 0.4808988976508594,
    "flip": false,
    "brier": 0.2508496448516943,
    "logloss": 0.6948536605239394,
    "base_rate": 0.46211530970003895,
    "brier_lgbm": 0.2509173876679302,
    "brier_xgb": 0.25088347715551945,
    "brier_lstm": 0.36313995393969306,
    "tradeable": false,
    "trade_block_reason": "auc < 0.54"
  },
  "weights": {
    "lgbm": 0.4,
    "xgb": 0.6000000000000001,
    "lstm": -1.1102230246251565e-16
  },
  "n_ticks_used": 20747,
  "n_trainable_labels": 12835
}