{
  "trained_at": "2026-06-22T08:03:50.406550+00:00",
  "metrics": {
    "n_train": 9808,
    "n_test": 2446,
    "accuracy": 0.4873262469337694,
    "auc": 0.4540360947979847,
    "auc_raw": 0.4540360947979847,
    "flip": false,
    "brier": 0.2521396090009962,
    "logloss": 0.6974402500468645,
    "base_rate": 0.4610522022838499,
    "brier_lgbm": 0.2523933883795715,
    "brier_xgb": 0.2521396090009962,
    "brier_lstm": 0.37486143179477077,
    "tradeable": false,
    "trade_block_reason": "auc < 0.54"
  },
  "weights": {
    "lgbm": 0.0,
    "xgb": 1.0,
    "lstm": 0.0
  },
  "n_ticks_used": 19826,
  "n_trainable_labels": 12260
}