{
  "trained_at": "2026-07-15T02:00:23.039808+00:00",
  "metrics": {
    "n_train": 12716,
    "n_test": 3173,
    "accuracy": 0.5237945162306965,
    "auc": 0.5319475570602072,
    "auc_raw": 0.5319475570602072,
    "flip": false,
    "brier": 0.2499212576707045,
    "logloss": 0.6929923382175719,
    "base_rate": 0.46594841145014154,
    "brier_lgbm": 0.2504919091735263,
    "brier_xgb": 0.25014744151528384,
    "brier_lstm": 0.34842590759107894,
    "tradeable": false,
    "trade_block_reason": "auc < 0.54"
  },
  "weights": {
    "lgbm": 0.0,
    "xgb": 0.9,
    "lstm": 0.09999999999999998
  },
  "n_ticks_used": 25635,
  "n_trainable_labels": 15895
}