{
  "trained_at": "2026-06-13T07:21:40.325136+00:00",
  "metrics": {
    "n_train": 8324,
    "n_test": 2076,
    "accuracy": 0.5211946050096339,
    "auc": 0.5226563900007707,
    "auc_raw": 0.5226563900007707,
    "flip": false,
    "brier": 0.24924036963943866,
    "logloss": 0.6916055337157921,
    "base_rate": 0.4575925036040365,
    "brier_lgbm": 0.2502259920644094,
    "brier_xgb": 0.2498001756074483,
    "brier_lstm": 0.3602218604539942,
    "tradeable": false,
    "trade_block_reason": "auc < 0.54"
  },
  "weights": {
    "lgbm": 0.4,
    "xgb": 0.6000000000000001,
    "lstm": -1.1102230246251565e-16
  },
  "n_ticks_used": 16853,
  "n_trainable_labels": 10406
}