{
  "trained_at": "2026-05-19T07:15:45.355327+00:00",
  "metrics": {
    "n_train": 3979,
    "n_test": 989,
    "accuracy": 0.5490394337714863,
    "auc": 0.5211001452336943,
    "auc_raw": 0.5211001452336943,
    "flip": false,
    "brier": 0.24693406122004777,
    "logloss": 0.6870244311867657,
    "base_rate": 0.44885649660718774,
    "brier_lgbm": 0.2483192735453275,
    "brier_xgb": 0.2477076553125923,
    "brier_lstm": 0.35241471555677134,
    "tradeable": false,
    "trade_block_reason": "auc < 0.54"
  },
  "weights": {
    "lgbm": 0.0,
    "xgb": 0.9,
    "lstm": 0.09999999999999998
  },
  "n_ticks_used": 8232,
  "n_trainable_labels": 4974
}