{
  "trained_at": "2026-07-06T15:24:08.705865+00:00",
  "metrics": {
    "n_train": 11946,
    "n_test": 2981,
    "accuracy": 0.5055350553505535,
    "auc": 0.5182724147576039,
    "auc_raw": 0.5182724147576039,
    "flip": false,
    "brier": 0.253901251183405,
    "logloss": 0.7012050423617203,
    "base_rate": 0.47019922986773816,
    "brier_lgbm": 0.27561303007783516,
    "brier_xgb": 0.25531935484927076,
    "brier_lstm": 0.35091427717010026,
    "tradeable": false,
    "trade_block_reason": "auc < 0.54"
  },
  "weights": {
    "lgbm": 0.0,
    "xgb": 0.9,
    "lstm": 0.09999999999999998
  },
  "n_ticks_used": 24092,
  "n_trainable_labels": 14933
}