{
  "trained_at": "2026-07-09T09:37:01.934979+00:00",
  "metrics": {
    "n_train": 12150,
    "n_test": 3032,
    "accuracy": 0.5227572559366754,
    "auc": 0.5348264463170098,
    "auc_raw": 0.5348264463170098,
    "flip": false,
    "brier": 0.25045898671439276,
    "logloss": 0.6941330983615933,
    "base_rate": 0.4676543209876543,
    "brier_lgbm": 0.2594651233604865,
    "brier_xgb": 0.2509793486703816,
    "brier_lstm": 0.35527225351557007,
    "tradeable": false,
    "trade_block_reason": "auc < 0.54"
  },
  "weights": {
    "lgbm": 0.0,
    "xgb": 0.9,
    "lstm": 0.09999999999999998
  },
  "n_ticks_used": 24511,
  "n_trainable_labels": 15188
}