{
  "trained_at": "2026-07-07T19:50:27.403583+00:00",
  "metrics": {
    "n_train": 12021,
    "n_test": 3000,
    "accuracy": 0.484,
    "auc": 0.5142101978962381,
    "auc_raw": 0.5142101978962381,
    "flip": false,
    "brier": 0.2623706033709946,
    "logloss": 0.71911826998361,
    "base_rate": 0.4703435654271691,
    "brier_lgbm": 0.26774504519944325,
    "brier_xgb": 0.26805931566596436,
    "brier_lstm": 0.35372071933193927,
    "tradeable": false,
    "trade_block_reason": "auc < 0.54"
  },
  "weights": {
    "lgbm": 0.30000000000000004,
    "xgb": 0.5,
    "lstm": 0.19999999999999996
  },
  "n_ticks_used": 24248,
  "n_trainable_labels": 15027
}