{
  "trained_at": "2026-06-26T18:39:59.224003+00:00",
  "metrics": {
    "n_train": 10553,
    "n_test": 2633,
    "accuracy": 0.5093049753133309,
    "auc": 0.5056358809272724,
    "auc_raw": 0.5056358809272724,
    "flip": false,
    "brier": 0.2507879360550032,
    "logloss": 0.6947497303222313,
    "base_rate": 0.4665024163744907,
    "brier_lgbm": 0.25118436262868543,
    "brier_xgb": 0.25206644639116305,
    "brier_lstm": 0.3485035411805368,
    "tradeable": false,
    "trade_block_reason": "auc < 0.54"
  },
  "weights": {
    "lgbm": 0.9,
    "xgb": 0.0,
    "lstm": 0.09999999999999998
  },
  "n_ticks_used": 21298,
  "n_trainable_labels": 13192
}