{
  "trained_at": "2026-07-17T08:03:38.017246+00:00",
  "metrics": {
    "n_train": 12964,
    "n_test": 3235,
    "accuracy": 0.5149922720247295,
    "auc": 0.5064459818344165,
    "auc_raw": 0.5064459818344165,
    "flip": false,
    "brier": 0.24990612393541853,
    "logloss": 0.6929531124165228,
    "base_rate": 0.46775686516507253,
    "brier_lgbm": 0.2500107512742556,
    "brier_xgb": 0.24992391501948338,
    "brier_lstm": 0.36872881404318386,
    "tradeable": false,
    "trade_block_reason": "auc < 0.54"
  },
  "weights": {
    "lgbm": 0.30000000000000004,
    "xgb": 0.7000000000000001,
    "lstm": -1.1102230246251565e-16
  },
  "n_ticks_used": 26108,
  "n_trainable_labels": 16205
}