{
  "trained_at": "2026-05-15T18:38:02.062844+00:00",
  "metrics": {
    "n_train": 3098,
    "n_test": 769,
    "accuracy": 0.5344603381014305,
    "auc": 0.5204172366621067,
    "auc_raw": 0.5204172366621067,
    "flip": false,
    "brier": 0.24863311685562023,
    "logloss": 0.6904387310731789,
    "base_rate": 0.4564234990316333,
    "brier_lgbm": 0.2489403245549668,
    "brier_xgb": 0.24931531766326898,
    "brier_lstm": 0.35861637523309664,
    "tradeable": false,
    "trade_block_reason": "auc < 0.54"
  },
  "weights": {
    "lgbm": 0.7000000000000001,
    "xgb": 0.2,
    "lstm": 0.09999999999999992
  },
  "n_ticks_used": 6502,
  "n_trainable_labels": 3873
}