{
  "trained_at": "2026-06-05T18:42:32.260072+00:00",
  "metrics": {
    "n_train": 6969,
    "n_test": 1737,
    "accuracy": 0.5469199769717904,
    "auc": 0.5801556987878305,
    "auc_raw": 0.5801556987878305,
    "flip": false,
    "brier": 0.24847614515735578,
    "logloss": 0.6902331017615633,
    "base_rate": 0.452862677572105,
    "brier_lgbm": 0.25331571402996295,
    "brier_xgb": 0.25325318192879465,
    "brier_lstm": 0.3101367776583843,
    "tradeable": false,
    "trade_block_reason": "brier > 0.245"
  },
  "weights": {
    "lgbm": 0.2,
    "xgb": 0.6000000000000001,
    "lstm": 0.19999999999999996
  },
  "n_ticks_used": 14190,
  "n_trainable_labels": 8712
}