{
  "trained_at": "2026-05-10T06:57:50.137582+00:00",
  "metrics": {
    "n_train": 2007,
    "n_test": 496,
    "accuracy": 0.5604838709677419,
    "auc": 0.5310045541548413,
    "auc_raw": 0.5310045541548413,
    "flip": false,
    "brier": 0.246458048267541,
    "logloss": 0.6860447840387599,
    "base_rate": 0.4693572496263079,
    "brier_lgbm": 0.24745297236382616,
    "brier_xgb": 0.2472884174265321,
    "brier_lstm": 0.34924618772977084,
    "tradeable": false,
    "trade_block_reason": "auc < 0.54"
  },
  "weights": {
    "lgbm": 0.0,
    "xgb": 0.9,
    "lstm": 0.09999999999999998
  },
  "n_ticks_used": 4293,
  "n_trainable_labels": 2509
}