{
  "trained_at": "2026-06-08T18:52:53.447620+00:00",
  "metrics": {
    "n_train": 7601,
    "n_test": 1895,
    "accuracy": 0.5182058047493404,
    "auc": 0.525441979209905,
    "auc_raw": 0.525441979209905,
    "flip": false,
    "brier": 0.25035140770169495,
    "logloss": 0.6939012213582371,
    "base_rate": 0.4520457834495461,
    "brier_lgbm": 0.2507492040447514,
    "brier_xgb": 0.25182376059680006,
    "brier_lstm": 0.35755590040647844,
    "tradeable": false,
    "trade_block_reason": "auc < 0.54"
  },
  "weights": {
    "lgbm": 0.9,
    "xgb": 0.0,
    "lstm": 0.09999999999999998
  },
  "n_ticks_used": 15427,
  "n_trainable_labels": 9502
}