{
  "trained_at": "2026-06-12T18:43:09.501266+00:00",
  "metrics": {
    "n_train": 8220,
    "n_test": 2049,
    "accuracy": 0.5446559297218155,
    "auc": 0.5525405731040307,
    "auc_raw": 0.5525405731040307,
    "flip": false,
    "brier": 0.24718145141646145,
    "logloss": 0.6874438137637349,
    "base_rate": 0.45608272506082725,
    "brier_lgbm": 0.2504679906229678,
    "brier_xgb": 0.2475603314186657,
    "brier_lstm": 0.3483384994123707,
    "tradeable": false,
    "trade_block_reason": "brier > 0.245"
  },
  "weights": {
    "lgbm": 0.0,
    "xgb": 0.9,
    "lstm": 0.09999999999999998
  },
  "n_ticks_used": 16650,
  "n_trainable_labels": 10275
}