{
  "trained_at": "2026-05-11T07:15:02.812335+00:00",
  "metrics": {
    "n_train": 2271,
    "n_test": 562,
    "accuracy": 0.6441281138790036,
    "auc": 0.5588383838383838,
    "auc_raw": 0.5588383838383838,
    "flip": false,
    "brier": 0.24575591694420465,
    "logloss": 0.6850890916692306,
    "base_rate": 0.4676354029062087,
    "brier_lgbm": 0.24857240725030208,
    "brier_xgb": 0.24575591694420465,
    "brier_lstm": 0.3817093882071963,
    "tradeable": false,
    "trade_block_reason": "brier > 0.245"
  },
  "weights": {
    "lgbm": 0.0,
    "xgb": 1.0,
    "lstm": 0.0
  },
  "n_ticks_used": 4837,
  "n_trainable_labels": 2839
}