{
  "trained_at": "2026-06-30T07:21:38.051049+00:00",
  "metrics": {
    "n_train": 11343,
    "n_test": 2830,
    "accuracy": 0.5236749116607774,
    "auc": 0.5190273239404215,
    "auc_raw": 0.5190273239404215,
    "flip": false,
    "brier": 0.2501276158373087,
    "logloss": 0.6934484387171288,
    "base_rate": 0.466366922330953,
    "brier_lgbm": 0.26373406332105265,
    "brier_xgb": 0.25069362297793346,
    "brier_lstm": 0.3407895956557368,
    "tradeable": false,
    "trade_block_reason": "auc < 0.54"
  },
  "weights": {
    "lgbm": 0.0,
    "xgb": 0.9,
    "lstm": 0.09999999999999998
  },
  "n_ticks_used": 22823,
  "n_trainable_labels": 14179
}