{
  "trained_at": "2026-07-03T02:32:22.600826+00:00",
  "metrics": {
    "n_train": 11711,
    "n_test": 2922,
    "accuracy": 0.4753593429158111,
    "auc": 0.5142443409178921,
    "auc_raw": 0.5142443409178921,
    "flip": false,
    "brier": 0.26272649961921773,
    "logloss": 0.7194735242387152,
    "base_rate": 0.468704636666382,
    "brier_lgbm": 0.26532024077677274,
    "brier_xgb": 0.2630861888117652,
    "brier_lstm": 0.36447507182620137,
    "tradeable": false,
    "trade_block_reason": "auc < 0.54"
  },
  "weights": {
    "lgbm": 0.0,
    "xgb": 0.9,
    "lstm": 0.09999999999999998
  },
  "n_ticks_used": 23586,
  "n_trainable_labels": 14639
}