{
  "trained_at": "2026-06-24T07:14:30.161610+00:00",
  "metrics": {
    "n_train": 10111,
    "n_test": 2522,
    "accuracy": 0.5241871530531325,
    "auc": 0.5227206407663437,
    "auc_raw": 0.5227206407663437,
    "flip": false,
    "brier": 0.2505603584410844,
    "logloss": 0.6942935847207936,
    "base_rate": 0.46029077242607064,
    "brier_lgbm": 0.25122880951157406,
    "brier_xgb": 0.25120947332248844,
    "brier_lstm": 0.34533973916248595,
    "tradeable": false,
    "trade_block_reason": "auc < 0.54"
  },
  "weights": {
    "lgbm": 0.5,
    "xgb": 0.4,
    "lstm": 0.09999999999999998
  },
  "n_ticks_used": 20418,
  "n_trainable_labels": 12639
}