{
  "trained_at": "2026-07-11T18:57:08.076437+00:00",
  "metrics": {
    "n_train": 12344,
    "n_test": 3080,
    "accuracy": 0.5142857142857142,
    "auc": 0.5364727088260567,
    "auc_raw": 0.5364727088260567,
    "flip": false,
    "brier": 0.24954413245292809,
    "logloss": 0.6922376392879972,
    "base_rate": 0.46897278029812056,
    "brier_lgbm": 0.2507776940506002,
    "brier_xgb": 0.24954413245292809,
    "brier_lstm": 0.36159969420413973,
    "tradeable": false,
    "trade_block_reason": "auc < 0.54"
  },
  "weights": {
    "lgbm": 0.0,
    "xgb": 1.0,
    "lstm": 0.0
  },
  "n_ticks_used": 24908,
  "n_trainable_labels": 15430
}