{
  "trained_at": "2026-06-28T07:24:41.202356+00:00",
  "metrics": {
    "n_train": 10914,
    "n_test": 2723,
    "accuracy": 0.48879911861917,
    "auc": 0.48597306310098104,
    "auc_raw": 0.48597306310098104,
    "flip": false,
    "brier": 0.25168061717651263,
    "logloss": 0.6965313366460256,
    "base_rate": 0.4650907091808686,
    "brier_lgbm": 0.2516928991929662,
    "brier_xgb": 0.2524702801380271,
    "brier_lstm": 0.3634802776658943,
    "tradeable": false,
    "trade_block_reason": "auc < 0.54"
  },
  "weights": {
    "lgbm": 0.9,
    "xgb": 0.1,
    "lstm": -2.7755575615628914e-17
  },
  "n_ticks_used": 22008,
  "n_trainable_labels": 13643
}