{
  "trained_at": "2026-06-18T13:12:19.325263+00:00",
  "metrics": {
    "n_train": 9092,
    "n_test": 2268,
    "accuracy": 0.4911816578483245,
    "auc": 0.48467128592758496,
    "auc_raw": 0.48467128592758496,
    "flip": false,
    "brier": 0.2522449329490799,
    "logloss": 0.6976497123752327,
    "base_rate": 0.4580950285965684,
    "brier_lgbm": 0.2522449329490799,
    "brier_xgb": 0.25334429460412144,
    "brier_lstm": 0.36130171107518294,
    "tradeable": false,
    "trade_block_reason": "auc < 0.54"
  },
  "weights": {
    "lgbm": 1.0,
    "xgb": 0.0,
    "lstm": 0.0
  },
  "n_ticks_used": 18430,
  "n_trainable_labels": 11366
}