{
  "trained_at": "2026-04-30T12:35:10.026043+00:00",
  "metrics": {
    "n_train": 312,
    "n_test": 72,
    "accuracy": 0.4027777777777778,
    "auc": 0.5758064516129032,
    "auc_raw": 0.4241935483870968,
    "flip": true,
    "brier": 0.2932038988718839,
    "logloss": 0.7868220913191011,
    "base_rate": 0.44551282051282054,
    "brier_lgbm": 0.2621446078329718,
    "brier_xgb": 0.2910654886433568,
    "brier_lstm": 0.4555156464610018
  },
  "weights": {
    "lgbm": 0.1,
    "xgb": 0.8,
    "lstm": 0.09999999999999998
  },
  "n_ticks_used": 450
}