{
  "trained_at": "2026-05-15T12:40:06.559704+00:00",
  "metrics": {
    "n_train": 3046,
    "n_test": 756,
    "accuracy": 0.5211640211640212,
    "auc": 0.5619501363240296,
    "auc_raw": 0.5619501363240296,
    "flip": false,
    "brier": 0.24753013457997294,
    "logloss": 0.6881934780107154,
    "base_rate": 0.4563361785948785,
    "brier_lgbm": 0.2528017731910401,
    "brier_xgb": 0.250151163566765,
    "brier_lstm": 0.344031448966837,
    "tradeable": false,
    "trade_block_reason": "brier > 0.245"
  },
  "weights": {
    "lgbm": 0.0,
    "xgb": 0.9,
    "lstm": 0.09999999999999998
  },
  "n_ticks_used": 6400,
  "n_trainable_labels": 3808
}