{
  "trained_at": "2026-05-02T12:20:56.017063+00:00",
  "metrics": {
    "n_train": 376,
    "n_test": 89,
    "accuracy": 0.5955056179775281,
    "auc": 0.594847775175644,
    "auc_raw": 0.405152224824356,
    "flip": true,
    "brier": 0.2239505736766222,
    "logloss": 0.6371529353693232,
    "base_rate": 0.39361702127659576,
    "brier_lgbm": 0.20884753260108924,
    "brier_xgb": 0.2337553270985866,
    "brier_lstm": 0.36879396963979283
  },
  "weights": {
    "lgbm": 0.1,
    "xgb": 0.5,
    "lstm": 0.4
  },
  "n_ticks_used": 531
}