{
  "trained_at": "2026-05-04T00:36:21.707535+00:00",
  "metrics": {
    "n_train": 540,
    "n_test": 136,
    "accuracy": 0.6470588235294118,
    "auc": 0.6911475409836066,
    "auc_raw": 0.6911475409836066,
    "flip": false,
    "brier": 0.2378145872790768,
    "logloss": 0.6687037898716336,
    "base_rate": 0.5037037037037037,
    "brier_lgbm": 0.23876385239236164,
    "brier_xgb": 0.2378145872790768,
    "tradeable": true,
    "trade_block_reason": "ok"
  },
  "weights": {
    "lgbm": 0.0,
    "xgb": 1.0
  },
  "n_ticks_used": 1352,
  "n_trainable_labels": 676
}