{
  "trained_at": "2026-05-01T06:57:54.191198+00:00",
  "metrics": {
    "n_train": 334,
    "n_test": 78,
    "accuracy": 0.5641025641025641,
    "auc": 0.6470588235294117,
    "auc_raw": 0.3529411764705882,
    "flip": true,
    "brier": 0.25684171861309213,
    "logloss": 0.7076833659125763,
    "base_rate": 0.4161676646706587,
    "brier_lgbm": 0.27000744651855857,
    "brier_xgb": 0.25442191627936733,
    "brier_lstm": 0.33833044157257347
  },
  "weights": {
    "lgbm": 0.8,
    "xgb": 0.1,
    "lstm": 0.09999999999999995
  },
  "n_ticks_used": 478
}