{
  "trained_at": "2026-05-30T00:42:10.771556+00:00",
  "metrics": {
    "n_train": 5816,
    "n_test": 1449,
    "accuracy": 0.4906832298136646,
    "auc": 0.5358079218334388,
    "auc_raw": 0.5358079218334388,
    "flip": false,
    "brier": 0.2540269542563429,
    "logloss": 0.7012671239624816,
    "base_rate": 0.43861760660247595,
    "brier_lgbm": 0.25672326446167837,
    "brier_xgb": 0.25638082928808675,
    "brier_lstm": 0.3519796974745712,
    "tradeable": false,
    "trade_block_reason": "auc < 0.54"
  },
  "weights": {
    "lgbm": 0.0,
    "xgb": 0.9,
    "lstm": 0.09999999999999998
  },
  "n_ticks_used": 11926,
  "n_trainable_labels": 7271
}