{
  "trained_at": "2026-06-07T00:46:46.646652+00:00",
  "metrics": {
    "n_train": 7307,
    "n_test": 1821,
    "accuracy": 0.515650741350906,
    "auc": 0.47294056094460635,
    "auc_raw": 0.47294056094460635,
    "flip": false,
    "brier": 0.2513917209358384,
    "logloss": 0.6960041829328313,
    "base_rate": 0.45244286300807446,
    "brier_lgbm": 0.2513917209358384,
    "brier_xgb": 0.25642053949010823,
    "brier_lstm": 0.3784341398391082,
    "tradeable": false,
    "trade_block_reason": "auc < 0.54"
  },
  "weights": {
    "lgbm": 1.0,
    "xgb": 0.0,
    "lstm": 0.0
  },
  "n_ticks_used": 14849,
  "n_trainable_labels": 9134
}