{
  "trained_at": "2026-05-02T00:36:08.859788+00:00",
  "metrics": {
    "n_train": 362,
    "n_test": 85,
    "accuracy": 0.6470588235294118,
    "auc": 0.6638981173864895,
    "auc_raw": 0.6638981173864895,
    "flip": false,
    "brier": 0.23283602214523122,
    "logloss": 0.6616517237726449,
    "base_rate": 0.4088397790055249,
    "brier_lgbm": 0.27810552810374534,
    "brier_xgb": 0.2718162925601983,
    "brier_lstm": 0.29894429213103685
  },
  "weights": {
    "lgbm": 0.1,
    "xgb": 0.5,
    "lstm": 0.4
  },
  "n_ticks_used": 513
}