{
  "trained_at": "2026-06-15T14:09:55.510484+00:00",
  "metrics": {
    "n_train": 8742,
    "n_test": 2180,
    "accuracy": 0.5123853211009174,
    "auc": 0.5213300213300213,
    "auc_raw": 0.5213300213300213,
    "flip": false,
    "brier": 0.2493385602853722,
    "logloss": 0.6918546583614115,
    "base_rate": 0.4629375428963624,
    "brier_lgbm": 0.25025082973790846,
    "brier_xgb": 0.25250218736286234,
    "brier_lstm": 0.3452569602708862,
    "tradeable": false,
    "trade_block_reason": "auc < 0.54"
  },
  "weights": {
    "lgbm": 0.9,
    "xgb": 0.0,
    "lstm": 0.09999999999999998
  },
  "n_ticks_used": 17705,
  "n_trainable_labels": 10928
}