{
  "trained_at": "2026-07-24T19:20:38.634506+00:00",
  "metrics": {
    "n_train": 13652,
    "n_test": 3407,
    "accuracy": 0.5083651306134429,
    "auc": 0.5262643039163553,
    "auc_raw": 0.5262643039163553,
    "flip": false,
    "brier": 0.25025145738264964,
    "logloss": 0.6936610994848732,
    "base_rate": 0.47333723996484034,
    "brier_lgbm": 0.2504629489711036,
    "brier_xgb": 0.2506314718781885,
    "brier_lstm": 0.35397962294417484,
    "tradeable": false,
    "trade_block_reason": "auc < 0.54"
  },
  "weights": {
    "lgbm": 0.7000000000000001,
    "xgb": 0.2,
    "lstm": 0.09999999999999992
  },
  "n_ticks_used": 27497,
  "n_trainable_labels": 17065
}