{
  "trained_at": "2026-06-28T18:27:57.428053+00:00",
  "metrics": {
    "n_train": 11020,
    "n_test": 2750,
    "accuracy": 0.513090909090909,
    "auc": 0.5263632487313941,
    "auc_raw": 0.5263632487313941,
    "flip": false,
    "brier": 0.2506628242619606,
    "logloss": 0.6945849058375727,
    "base_rate": 0.46597096188747733,
    "brier_lgbm": 0.2509635945275251,
    "brier_xgb": 0.2510296459651541,
    "brier_lstm": 0.3562113331098512,
    "tradeable": false,
    "trade_block_reason": "auc < 0.54"
  },
  "weights": {
    "lgbm": 0.5,
    "xgb": 0.5,
    "lstm": 0.0
  },
  "n_ticks_used": 22220,
  "n_trainable_labels": 13776
}