{
  "trained_at": "2026-07-18T02:02:43.524216+00:00",
  "metrics": {
    "n_train": 13049,
    "n_test": 3257,
    "accuracy": 0.5173472520724594,
    "auc": 0.5056163273689114,
    "auc_raw": 0.5056163273689114,
    "flip": false,
    "brier": 0.249096926143244,
    "logloss": 0.6912878405725064,
    "base_rate": 0.4682351138018239,
    "brier_lgbm": 0.24953577876409389,
    "brier_xgb": 0.249096926143244,
    "brier_lstm": 0.34943535840308565,
    "tradeable": false,
    "trade_block_reason": "auc < 0.54"
  },
  "weights": {
    "lgbm": 0.0,
    "xgb": 1.0,
    "lstm": 0.0
  },
  "n_ticks_used": 26279,
  "n_trainable_labels": 16312
}