{
  "trained_at": "2026-06-17T00:50:39.208474+00:00",
  "metrics": {
    "n_train": 8916,
    "n_test": 2223,
    "accuracy": 0.48942869995501576,
    "auc": 0.4878558731823877,
    "auc_raw": 0.4878558731823877,
    "flip": false,
    "brier": 0.2542609426798492,
    "logloss": 0.701930574328434,
    "base_rate": 0.4597353073126963,
    "brier_lgbm": 0.2544247638245284,
    "brier_xgb": 0.2544509227904992,
    "brier_lstm": 0.37919324314332364,
    "tradeable": false,
    "trade_block_reason": "auc < 0.54"
  },
  "weights": {
    "lgbm": 0.5,
    "xgb": 0.5,
    "lstm": 0.0
  },
  "n_ticks_used": 18062,
  "n_trainable_labels": 11145
}