{
  "trained_at": "2026-06-03T19:22:42.967227+00:00",
  "metrics": {
    "n_train": 6673,
    "n_test": 1663,
    "accuracy": 0.5069152134696332,
    "auc": 0.49689947497293824,
    "auc_raw": 0.49689947497293824,
    "flip": false,
    "brier": 0.2522216860416059,
    "logloss": 0.697622002980578,
    "base_rate": 0.44972276337479394,
    "brier_lgbm": 0.25237512865802497,
    "brier_xgb": 0.2524812715637791,
    "brier_lstm": 0.39933253165700366,
    "tradeable": false,
    "trade_block_reason": "auc < 0.54"
  },
  "weights": {
    "lgbm": 0.6000000000000001,
    "xgb": 0.4,
    "lstm": -1.1102230246251565e-16
  },
  "n_ticks_used": 13598,
  "n_trainable_labels": 8342
}