{
  "trained_at": "2026-06-21T12:43:06.668159+00:00",
  "metrics": {
    "n_train": 9624,
    "n_test": 2401,
    "accuracy": 0.5022907122032486,
    "auc": 0.5254353695531884,
    "auc_raw": 0.5254353695531884,
    "flip": false,
    "brier": 0.2523423622414016,
    "logloss": 0.697886478433012,
    "base_rate": 0.4581255195344971,
    "brier_lgbm": 0.25349208509226934,
    "brier_xgb": 0.2544149477893616,
    "brier_lstm": 0.3446516253055638,
    "tradeable": false,
    "trade_block_reason": "auc < 0.54"
  },
  "weights": {
    "lgbm": 0.9,
    "xgb": 0.0,
    "lstm": 0.09999999999999998
  },
  "n_ticks_used": 19472,
  "n_trainable_labels": 12031
}