{
  "trained_at": "2026-07-04T08:32:44.535066+00:00",
  "metrics": {
    "n_train": 11791,
    "n_test": 2942,
    "accuracy": 0.4918422841604351,
    "auc": 0.5248635993108176,
    "auc_raw": 0.5248635993108176,
    "flip": false,
    "brier": 0.25751906354224274,
    "logloss": 0.7088543128905347,
    "base_rate": 0.4689169705707743,
    "brier_lgbm": 0.27435838656678446,
    "brier_xgb": 0.25751906354224274,
    "brier_lstm": 0.3836917467239762,
    "tradeable": false,
    "trade_block_reason": "auc < 0.54"
  },
  "weights": {
    "lgbm": 0.0,
    "xgb": 1.0,
    "lstm": 0.0
  },
  "n_ticks_used": 23755,
  "n_trainable_labels": 14739
}