{
  "trained_at": "2026-06-15T00:50:54.220655+00:00",
  "metrics": {
    "n_train": 8699,
    "n_test": 2169,
    "accuracy": 0.5357307514983863,
    "auc": 0.5201035412117904,
    "auc_raw": 0.5201035412117904,
    "flip": false,
    "brier": 0.24923230019804213,
    "logloss": 0.6916117642681742,
    "base_rate": 0.4640763306127141,
    "brier_lgbm": 0.2503848929191124,
    "brier_xgb": 0.2564201179133054,
    "brier_lstm": 0.34128799577368496,
    "tradeable": false,
    "trade_block_reason": "auc < 0.54"
  },
  "weights": {
    "lgbm": 0.9,
    "xgb": 0.0,
    "lstm": 0.09999999999999998
  },
  "n_ticks_used": 17608,
  "n_trainable_labels": 10874
}