{
  "trained_at": "2026-05-14T07:03:52.585903+00:00",
  "metrics": {
    "n_train": 2790,
    "n_test": 692,
    "accuracy": 0.5173410404624278,
    "auc": 0.5504447565543071,
    "auc_raw": 0.5504447565543071,
    "flip": false,
    "brier": 0.24907961973777099,
    "logloss": 0.6912761666702701,
    "base_rate": 0.45806451612903226,
    "brier_lgbm": 0.2509006765960075,
    "brier_xgb": 0.2511871836483876,
    "brier_lstm": 0.34864154195144803,
    "tradeable": false,
    "trade_block_reason": "brier > 0.245"
  },
  "weights": {
    "lgbm": 0.8,
    "xgb": 0.1,
    "lstm": 0.09999999999999995
  },
  "n_ticks_used": 5898,
  "n_trainable_labels": 3488
}