{
  "trained_at": "2026-07-01T18:43:52.237539+00:00",
  "metrics": {
    "n_train": 11562,
    "n_test": 2885,
    "accuracy": 0.515424610051993,
    "auc": 0.513534367520405,
    "auc_raw": 0.513534367520405,
    "flip": false,
    "brier": 0.24986010882063964,
    "logloss": 0.6928832989982446,
    "base_rate": 0.46661477253070405,
    "brier_lgbm": 0.2615937209039997,
    "brier_xgb": 0.24986010882063964,
    "brier_lstm": 0.3610378717000245,
    "tradeable": false,
    "trade_block_reason": "auc < 0.54"
  },
  "weights": {
    "lgbm": 0.0,
    "xgb": 1.0,
    "lstm": 0.0
  },
  "n_ticks_used": 23284,
  "n_trainable_labels": 14453
}