{
  "trained_at": "2026-06-27T18:28:25.884856+00:00",
  "metrics": {
    "n_train": 10788,
    "n_test": 2691,
    "accuracy": 0.49126718691936083,
    "auc": 0.47608138234878206,
    "auc_raw": 0.47608138234878206,
    "flip": false,
    "brier": 0.25254905038825903,
    "logloss": 0.6985201047488817,
    "base_rate": 0.4664441972562106,
    "brier_lgbm": 0.25254905038825903,
    "brier_xgb": 0.25372711071719006,
    "brier_lstm": 0.3651321073041568,
    "tradeable": false,
    "trade_block_reason": "auc < 0.54"
  },
  "weights": {
    "lgbm": 1.0,
    "xgb": 0.0,
    "lstm": 0.0
  },
  "n_ticks_used": 21756,
  "n_trainable_labels": 13485
}