{
  "trained_at": "2026-06-26T07:21:10.347064+00:00",
  "metrics": {
    "n_train": 10481,
    "n_test": 2615,
    "accuracy": 0.5051625239005736,
    "auc": 0.5132624829055472,
    "auc_raw": 0.5132624829055472,
    "flip": false,
    "brier": 0.2500155852159726,
    "logloss": 0.6931891335223533,
    "base_rate": 0.46512737334223836,
    "brier_lgbm": 0.2511174919813784,
    "brier_xgb": 0.25011542279843313,
    "brier_lstm": 0.34864856427914365,
    "tradeable": false,
    "trade_block_reason": "auc < 0.54"
  },
  "weights": {
    "lgbm": 0.0,
    "xgb": 0.9,
    "lstm": 0.09999999999999998
  },
  "n_ticks_used": 21147,
  "n_trainable_labels": 13102
}