{
  "trained_at": "2026-05-30T12:28:31.275189+00:00",
  "metrics": {
    "n_train": 5917,
    "n_test": 1474,
    "accuracy": 0.5061058344640434,
    "auc": 0.5191651560035961,
    "auc_raw": 0.5191651560035961,
    "flip": false,
    "brier": 0.252251948550241,
    "logloss": 0.6977391834961723,
    "base_rate": 0.44042589149907047,
    "brier_lgbm": 0.2526448154825604,
    "brier_xgb": 0.25379979472894443,
    "brier_lstm": 0.3638193506709047,
    "tradeable": false,
    "trade_block_reason": "auc < 0.54"
  },
  "weights": {
    "lgbm": 0.9,
    "xgb": 0.0,
    "lstm": 0.09999999999999998
  },
  "n_ticks_used": 12119,
  "n_trainable_labels": 7397
}