{
  "trained_at": "2026-07-03T13:55:49.780314+00:00",
  "metrics": {
    "n_train": 11728,
    "n_test": 2926,
    "accuracy": 0.5246069719753931,
    "auc": 0.5213982284570752,
    "auc_raw": 0.5213982284570752,
    "flip": false,
    "brier": 0.25111722554440497,
    "logloss": 0.6957160578608649,
    "base_rate": 0.46879263301500684,
    "brier_lgbm": 0.26889829384240294,
    "brier_xgb": 0.25111722554440497,
    "brier_lstm": 0.3662747890646332,
    "tradeable": false,
    "trade_block_reason": "auc < 0.54"
  },
  "weights": {
    "lgbm": 0.0,
    "xgb": 1.0,
    "lstm": 0.0
  },
  "n_ticks_used": 23627,
  "n_trainable_labels": 14660
}