{
  "trained_at": "2026-07-22T02:10:33.473004+00:00",
  "metrics": {
    "n_train": 13441,
    "n_test": 3355,
    "accuracy": 0.48643815201192253,
    "auc": 0.5065660112610153,
    "auc_raw": 0.5065660112610153,
    "flip": false,
    "brier": 0.2501067564678965,
    "logloss": 0.6933608284770284,
    "base_rate": 0.4729558812588349,
    "brier_lgbm": 0.2501067564678965,
    "brier_xgb": 0.2504705514628228,
    "brier_lstm": 0.36089983042079865,
    "tradeable": false,
    "trade_block_reason": "auc < 0.54"
  },
  "weights": {
    "lgbm": 1.0,
    "xgb": 0.0,
    "lstm": 0.0
  },
  "n_ticks_used": 27054,
  "n_trainable_labels": 16802
}