{
  "trained_at": "2026-05-31T18:27:50.364979+00:00",
  "metrics": {
    "n_train": 6288,
    "n_test": 1566,
    "accuracy": 0.5,
    "auc": 0.5017444477791116,
    "auc_raw": 0.5017444477791116,
    "flip": false,
    "brier": 0.25354867474495496,
    "logloss": 0.7003496990215934,
    "base_rate": 0.4422709923664122,
    "brier_lgbm": 0.25354867474495496,
    "brier_xgb": 0.25511205261048797,
    "brier_lstm": 0.402383233457187,
    "tradeable": false,
    "trade_block_reason": "auc < 0.54"
  },
  "weights": {
    "lgbm": 1.0,
    "xgb": 0.0,
    "lstm": 0.0
  },
  "n_ticks_used": 12816,
  "n_trainable_labels": 7860
}