{
  "trained_at": "2026-06-26T12:46:43.776007+00:00",
  "metrics": {
    "n_train": 10508,
    "n_test": 2622,
    "accuracy": 0.5183066361556065,
    "auc": 0.5023111649961965,
    "auc_raw": 0.5023111649961965,
    "flip": false,
    "brier": 0.25055022932000887,
    "logloss": 0.6943126595793327,
    "base_rate": 0.4653597259231062,
    "brier_lgbm": 0.25055022932000887,
    "brier_xgb": 0.25163329801877216,
    "brier_lstm": 0.3610058484864409,
    "tradeable": false,
    "trade_block_reason": "auc < 0.54"
  },
  "weights": {
    "lgbm": 1.0,
    "xgb": 0.0,
    "lstm": 0.0
  },
  "n_ticks_used": 21209,
  "n_trainable_labels": 13136
}