{
  "trained_at": "2026-06-30T00:44:26.472260+00:00",
  "metrics": {
    "n_train": 11312,
    "n_test": 2822,
    "accuracy": 0.4844082211197732,
    "auc": 0.5036605662259199,
    "auc_raw": 0.5036605662259199,
    "flip": false,
    "brier": 0.2506641456313064,
    "logloss": 0.6944755024889135,
    "base_rate": 0.46720297029702973,
    "brier_lgbm": 0.2506641456313064,
    "brier_xgb": 0.25208132664109,
    "brier_lstm": 0.3554176170587669,
    "tradeable": false,
    "trade_block_reason": "auc < 0.54"
  },
  "weights": {
    "lgbm": 1.0,
    "xgb": 0.0,
    "lstm": 0.0
  },
  "n_ticks_used": 22758,
  "n_trainable_labels": 14140
}