{
  "trained_at": "2026-05-03T12:20:14.310919+00:00",
  "metrics": {
    "n_train": 320,
    "n_test": 81,
    "accuracy": 0.6049382716049383,
    "auc": 0.5839646464646465,
    "auc_raw": 0.5839646464646465,
    "flip": false,
    "brier": 0.23156957495868,
    "logloss": 0.6544928370296598,
    "base_rate": 0.54375,
    "brier_lgbm": 0.23156957495868,
    "brier_xgb": 0.23492734343967064,
    "tradeable": false,
    "trade_block_reason": "n_test < 100"
  },
  "weights": {
    "lgbm": 1.0,
    "xgb": 0.0
  },
  "n_ticks_used": 922,
  "n_trainable_labels": 401
}