{
  "trained_at": "2026-05-24T18:25:43.761481+00:00",
  "metrics": {
    "n_train": 5072,
    "n_test": 1263,
    "accuracy": 0.5859065716547902,
    "auc": 0.5156642960214389,
    "auc_raw": 0.5156642960214389,
    "flip": false,
    "brier": 0.24410270650149213,
    "logloss": 0.6812907498582726,
    "base_rate": 0.4485410094637224,
    "brier_lgbm": 0.24534097468094243,
    "brier_xgb": 0.24595969974669757,
    "brier_lstm": 0.3309606165018645,
    "tradeable": false,
    "trade_block_reason": "auc < 0.54"
  },
  "weights": {
    "lgbm": 0.9,
    "xgb": 0.0,
    "lstm": 0.09999999999999998
  },
  "n_ticks_used": 10396,
  "n_trainable_labels": 6341
}