{
  "trained_at": "2026-06-26T00:47:10.343512+00:00",
  "metrics": {
    "n_train": 10443,
    "n_test": 2605,
    "accuracy": 0.528214971209213,
    "auc": 0.5013281647703851,
    "auc_raw": 0.5013281647703851,
    "flip": false,
    "brier": 0.2519584794584113,
    "logloss": 0.6971991550983567,
    "base_rate": 0.4657665421813655,
    "brier_lgbm": 0.2524404026286279,
    "brier_xgb": 0.25295846131243227,
    "brier_lstm": 0.3420706085715709,
    "tradeable": false,
    "trade_block_reason": "auc < 0.54"
  },
  "weights": {
    "lgbm": 0.7000000000000001,
    "xgb": 0.2,
    "lstm": 0.09999999999999992
  },
  "n_ticks_used": 21074,
  "n_trainable_labels": 13054
}