{
  "trained_at": "2026-07-08T13:54:59.396312+00:00",
  "metrics": {
    "n_train": 12097,
    "n_test": 3019,
    "accuracy": 0.5137462736005299,
    "auc": 0.5223644391003245,
    "auc_raw": 0.5223644391003245,
    "flip": false,
    "brier": 0.2498453752038285,
    "logloss": 0.6928376963084324,
    "base_rate": 0.46879391584690416,
    "brier_lgbm": 0.2647505803432889,
    "brier_xgb": 0.2498453752038285,
    "brier_lstm": 0.3597278602769346,
    "tradeable": false,
    "trade_block_reason": "auc < 0.54"
  },
  "weights": {
    "lgbm": 0.0,
    "xgb": 1.0,
    "lstm": 0.0
  },
  "n_ticks_used": 24393,
  "n_trainable_labels": 15122
}