{
  "trained_at": "2026-06-06T07:07:38.890659+00:00",
  "metrics": {
    "n_train": 7091,
    "n_test": 1767,
    "accuracy": 0.4872665534804754,
    "auc": 0.45482305343394025,
    "auc_raw": 0.45482305343394025,
    "flip": false,
    "brier": 0.2539511095440832,
    "logloss": 0.7012784842854605,
    "base_rate": 0.4545198138485404,
    "brier_lgbm": 0.2539929158646877,
    "brier_xgb": 0.25484493566231636,
    "brier_lstm": 0.3628073645452394,
    "tradeable": false,
    "trade_block_reason": "auc < 0.54"
  },
  "weights": {
    "lgbm": 0.8,
    "xgb": 0.2,
    "lstm": -5.551115123125783e-17
  },
  "n_ticks_used": 14416,
  "n_trainable_labels": 8864
}