{
  "trained_at": "2026-07-18T18:58:31.785088+00:00",
  "metrics": {
    "n_train": 13121,
    "n_test": 3275,
    "accuracy": 0.5117557251908397,
    "auc": 0.5100505530994086,
    "auc_raw": 0.5100505530994086,
    "flip": false,
    "brier": 0.24949749178831068,
    "logloss": 0.6921272228059491,
    "base_rate": 0.4677997103879277,
    "brier_lgbm": 0.24950027275591993,
    "brier_xgb": 0.24965777102306327,
    "brier_lstm": 0.37023097904200064,
    "tradeable": false,
    "trade_block_reason": "auc < 0.54"
  },
  "weights": {
    "lgbm": 0.9,
    "xgb": 0.1,
    "lstm": -2.7755575615628914e-17
  },
  "n_ticks_used": 26427,
  "n_trainable_labels": 16402
}