{
  "trained_at": "2026-05-12T00:39:29.848725+00:00",
  "metrics": {
    "n_train": 2408,
    "n_test": 596,
    "accuracy": 0.540268456375839,
    "auc": 0.5127517086372185,
    "auc_raw": 0.5127517086372185,
    "flip": false,
    "brier": 0.2513186435681272,
    "logloss": 0.6963264894312232,
    "base_rate": 0.4634551495016611,
    "brier_lgbm": 0.2578448135347131,
    "brier_xgb": 0.25391920512860683,
    "brier_lstm": 0.34746220831438573,
    "tradeable": false,
    "trade_block_reason": "auc < 0.54"
  },
  "weights": {
    "lgbm": 0.30000000000000004,
    "xgb": 0.5,
    "lstm": 0.19999999999999996
  },
  "n_ticks_used": 5118,
  "n_trainable_labels": 3010
}