{
  "trained_at": "2026-06-03T07:44:42.942744+00:00",
  "metrics": {
    "n_train": 6655,
    "n_test": 1658,
    "accuracy": 0.4945717732207479,
    "auc": 0.48850017470300483,
    "auc_raw": 0.48850017470300483,
    "flip": false,
    "brier": 0.2522721655898511,
    "logloss": 0.6977096445259007,
    "base_rate": 0.4498873027798648,
    "brier_lgbm": 0.2536779308038804,
    "brier_xgb": 0.2522721655898511,
    "brier_lstm": 0.410245772016297,
    "tradeable": false,
    "trade_block_reason": "auc < 0.54"
  },
  "weights": {
    "lgbm": 0.0,
    "xgb": 1.0,
    "lstm": 0.0
  },
  "n_ticks_used": 13544,
  "n_trainable_labels": 8319
}