{
  "trained_at": "2026-05-19T00:43:06.862871+00:00",
  "metrics": {
    "n_train": 3951,
    "n_test": 982,
    "accuracy": 0.5417515274949084,
    "auc": 0.4940873015873016,
    "auc_raw": 0.4940873015873016,
    "flip": false,
    "brier": 0.24818087870580666,
    "logloss": 0.689504414016374,
    "base_rate": 0.44975955454315364,
    "brier_lgbm": 0.24897288724878863,
    "brier_xgb": 0.24818087870580666,
    "brier_lstm": 0.3895147525946873,
    "tradeable": false,
    "trade_block_reason": "auc < 0.54"
  },
  "weights": {
    "lgbm": 0.0,
    "xgb": 1.0,
    "lstm": 0.0
  },
  "n_ticks_used": 8171,
  "n_trainable_labels": 4939
}