{
  "trained_at": "2026-06-02T19:17:22.236125+00:00",
  "metrics": {
    "n_train": 6590,
    "n_test": 1642,
    "accuracy": 0.5158343483556638,
    "auc": 0.5266215131148515,
    "auc_raw": 0.5266215131148515,
    "flip": false,
    "brier": 0.2501774873460878,
    "logloss": 0.6934595976912904,
    "base_rate": 0.45053110773899846,
    "brier_lgbm": 0.2518872644811399,
    "brier_xgb": 0.2501774873460878,
    "brier_lstm": 0.400872006377372,
    "tradeable": false,
    "trade_block_reason": "auc < 0.54"
  },
  "weights": {
    "lgbm": 0.0,
    "xgb": 1.0,
    "lstm": 0.0
  },
  "n_ticks_used": 13408,
  "n_trainable_labels": 8238
}