{
  "trained_at": "2026-07-24T13:29:17.925254+00:00",
  "metrics": {
    "n_train": 13635,
    "n_test": 3403,
    "accuracy": 0.5301204819277109,
    "auc": 0.5233853076057801,
    "auc_raw": 0.5233853076057801,
    "flip": false,
    "brier": 0.2501666895102819,
    "logloss": 0.6935011264831092,
    "base_rate": 0.47326732673267324,
    "brier_lgbm": 0.25070735305993896,
    "brier_xgb": 0.25058054135060287,
    "brier_lstm": 0.3471561269752389,
    "tradeable": false,
    "trade_block_reason": "auc < 0.54"
  },
  "weights": {
    "lgbm": 0.2,
    "xgb": 0.7000000000000001,
    "lstm": 0.09999999999999998
  },
  "n_ticks_used": 27461,
  "n_trainable_labels": 17044
}