{
  "trained_at": "2026-06-02T13:19:33.071731+00:00",
  "metrics": {
    "n_train": 6583,
    "n_test": 1640,
    "accuracy": 0.5164634146341464,
    "auc": 0.5219639629167654,
    "auc_raw": 0.5219639629167654,
    "flip": false,
    "brier": 0.2503299860239541,
    "logloss": 0.6939784133795702,
    "base_rate": 0.451010177730518,
    "brier_lgbm": 0.2515009744534796,
    "brier_xgb": 0.2503299860239541,
    "brier_lstm": 0.3572056425328204,
    "tradeable": false,
    "trade_block_reason": "auc < 0.54"
  },
  "weights": {
    "lgbm": 0.0,
    "xgb": 1.0,
    "lstm": 0.0
  },
  "n_ticks_used": 13381,
  "n_trainable_labels": 8229
}