{
  "trained_at": "2026-07-08T08:20:58.810257+00:00",
  "metrics": {
    "n_train": 12065,
    "n_test": 3011,
    "accuracy": 0.5220856858186649,
    "auc": 0.515247277035151,
    "auc_raw": 0.515247277035151,
    "flip": false,
    "brier": 0.25386260764053636,
    "logloss": 0.7013413109770729,
    "base_rate": 0.46962287608785747,
    "brier_lgbm": 0.27555018552018606,
    "brier_xgb": 0.25386260764053636,
    "brier_lstm": 0.37150983828057615,
    "tradeable": false,
    "trade_block_reason": "auc < 0.54"
  },
  "weights": {
    "lgbm": 0.0,
    "xgb": 1.0,
    "lstm": 0.0
  },
  "n_ticks_used": 24338,
  "n_trainable_labels": 15082
}