{
  "trained_at": "2026-07-02T08:52:11.236284+00:00",
  "metrics": {
    "n_train": 11640,
    "n_test": 2904,
    "accuracy": 0.4989669421487603,
    "auc": 0.5218878001957747,
    "auc_raw": 0.5218878001957747,
    "flip": false,
    "brier": 0.2584181950437853,
    "logloss": 0.7106625505834411,
    "base_rate": 0.46855670103092784,
    "brier_lgbm": 0.2630868957910957,
    "brier_xgb": 0.26043421847830245,
    "brier_lstm": 0.36059653654205076,
    "tradeable": false,
    "trade_block_reason": "auc < 0.54"
  },
  "weights": {
    "lgbm": 0.1,
    "xgb": 0.8,
    "lstm": 0.09999999999999998
  },
  "n_ticks_used": 23445,
  "n_trainable_labels": 14550
}