{
  "trained_at": "2026-06-13T18:32:31.735677+00:00",
  "metrics": {
    "n_train": 8419,
    "n_test": 2099,
    "accuracy": 0.5140543115769414,
    "auc": 0.5518183402878404,
    "auc_raw": 0.5518183402878404,
    "flip": false,
    "brier": 0.24988729653540484,
    "logloss": 0.6929148902372838,
    "base_rate": 0.4567050718612662,
    "brier_lgbm": 0.2516654949089207,
    "brier_xgb": 0.2532063403384802,
    "brier_lstm": 0.33041249565270214,
    "tradeable": false,
    "trade_block_reason": "brier > 0.245"
  },
  "weights": {
    "lgbm": 0.9,
    "xgb": 0.0,
    "lstm": 0.09999999999999998
  },
  "n_ticks_used": 17046,
  "n_trainable_labels": 10524
}