{
  "trained_at": "2026-05-22T00:42:35.309238+00:00",
  "metrics": {
    "n_train": 4424,
    "n_test": 1100,
    "accuracy": 0.600909090909091,
    "auc": 0.49848852404202104,
    "auc_raw": 0.49848852404202104,
    "flip": false,
    "brier": 0.24406938293470604,
    "logloss": 0.6812536356473979,
    "base_rate": 0.45501808318264014,
    "brier_lgbm": 0.24426859498185288,
    "brier_xgb": 0.24415770804745623,
    "brier_lstm": 0.36126673612721205,
    "tradeable": false,
    "trade_block_reason": "auc < 0.54"
  },
  "weights": {
    "lgbm": 0.4,
    "xgb": 0.6000000000000001,
    "lstm": -1.1102230246251565e-16
  },
  "n_ticks_used": 9129,
  "n_trainable_labels": 5530
}