{
  "trained_at": "2026-07-11T13:09:48.569475+00:00",
  "metrics": {
    "n_train": 12309,
    "n_test": 3072,
    "accuracy": 0.5172526041666666,
    "auc": 0.5102078187728635,
    "auc_raw": 0.5102078187728635,
    "flip": false,
    "brier": 0.2496645950473546,
    "logloss": 0.6924772652764393,
    "base_rate": 0.46973759038102203,
    "brier_lgbm": 0.2496645950473546,
    "brier_xgb": 0.2505499486473584,
    "brier_lstm": 0.36003447659475024,
    "tradeable": false,
    "trade_block_reason": "auc < 0.54"
  },
  "weights": {
    "lgbm": 1.0,
    "xgb": 0.0,
    "lstm": 0.0
  },
  "n_ticks_used": 24838,
  "n_trainable_labels": 15387
}