{
  "trained_at": "2026-05-25T18:37:10.471823+00:00",
  "metrics": {
    "n_train": 5226,
    "n_test": 1301,
    "accuracy": 0.5188316679477325,
    "auc": 0.5111504847933946,
    "auc_raw": 0.5111504847933946,
    "flip": false,
    "brier": 0.2511003638821604,
    "logloss": 0.6953745817069844,
    "base_rate": 0.4431687715269805,
    "brier_lgbm": 0.25183327678973233,
    "brier_xgb": 0.2511003638821604,
    "brier_lstm": 0.37596308611782076,
    "tradeable": false,
    "trade_block_reason": "auc < 0.54"
  },
  "weights": {
    "lgbm": 0.0,
    "xgb": 1.0,
    "lstm": 0.0
  },
  "n_ticks_used": 10724,
  "n_trainable_labels": 6533
}