{
  "trained_at": "2026-05-18T18:39:32.259191+00:00",
  "metrics": {
    "n_train": 3877,
    "n_test": 964,
    "accuracy": 0.5746887966804979,
    "auc": 0.5089069988294794,
    "auc_raw": 0.5089069988294794,
    "flip": false,
    "brier": 0.24517114996122816,
    "logloss": 0.6834695754705361,
    "base_rate": 0.45395924684034045,
    "brier_lgbm": 0.24619250920791763,
    "brier_xgb": 0.24517114996122816,
    "brier_lstm": 0.37659397093032804,
    "tradeable": false,
    "trade_block_reason": "auc < 0.54"
  },
  "weights": {
    "lgbm": 0.0,
    "xgb": 1.0,
    "lstm": 0.0
  },
  "n_ticks_used": 8022,
  "n_trainable_labels": 4847
}