{
  "trained_at": "2026-06-01T00:47:19.778270+00:00",
  "metrics": {
    "n_train": 6386,
    "n_test": 1591,
    "accuracy": 0.497171590194846,
    "auc": 0.5136781478390613,
    "auc_raw": 0.5136781478390613,
    "flip": false,
    "brier": 0.25339618963241534,
    "logloss": 0.7000133096898273,
    "base_rate": 0.445662386470404,
    "brier_lgbm": 0.25432969895794616,
    "brier_xgb": 0.25339618963241534,
    "brier_lstm": 0.3962493992312042,
    "tradeable": false,
    "trade_block_reason": "auc < 0.54"
  },
  "weights": {
    "lgbm": 0.0,
    "xgb": 1.0,
    "lstm": 0.0
  },
  "n_ticks_used": 13006,
  "n_trainable_labels": 7983
}