{
  "trained_at": "2026-06-16T08:00:18.850054+00:00",
  "metrics": {
    "n_train": 8830,
    "n_test": 2202,
    "accuracy": 0.5045413260672116,
    "auc": 0.5081826076046331,
    "auc_raw": 0.5081826076046331,
    "flip": false,
    "brier": 0.25175184520478183,
    "logloss": 0.6970613419898409,
    "base_rate": 0.4616081540203851,
    "brier_lgbm": 0.25175184520478183,
    "brier_xgb": 0.2569260729522065,
    "brier_lstm": 0.3577215160478218,
    "tradeable": false,
    "trade_block_reason": "auc < 0.54"
  },
  "weights": {
    "lgbm": 1.0,
    "xgb": 0.0,
    "lstm": 0.0
  },
  "n_ticks_used": 17886,
  "n_trainable_labels": 11038
}