{
  "trained_at": "2026-05-16T18:22:12.010725+00:00",
  "metrics": {
    "n_train": 3393,
    "n_test": 843,
    "accuracy": 0.5860023724792408,
    "auc": 0.48720538720538714,
    "auc_raw": 0.48720538720538714,
    "flip": false,
    "brier": 0.2459337804836463,
    "logloss": 0.6850356806864517,
    "base_rate": 0.46330680813439434,
    "brier_lgbm": 0.2468237491711632,
    "brier_xgb": 0.2459337804836463,
    "brier_lstm": 0.3940204093479109,
    "tradeable": false,
    "trade_block_reason": "auc < 0.54"
  },
  "weights": {
    "lgbm": 0.0,
    "xgb": 1.0,
    "lstm": 0.0
  },
  "n_ticks_used": 7081,
  "n_trainable_labels": 4242
}