{
  "trained_at": "2026-05-27T13:12:10.442794+00:00",
  "metrics": {
    "n_train": 5469,
    "n_test": 1362,
    "accuracy": 0.5249632892804699,
    "auc": 0.5368948582387394,
    "auc_raw": 0.5368948582387394,
    "flip": false,
    "brier": 0.24971298644783008,
    "logloss": 0.6925699146268894,
    "base_rate": 0.4454196379594076,
    "brier_lgbm": 0.25075733755689705,
    "brier_xgb": 0.24971298644783008,
    "brier_lstm": 0.3695368510553258,
    "tradeable": false,
    "trade_block_reason": "auc < 0.54"
  },
  "weights": {
    "lgbm": 0.0,
    "xgb": 1.0,
    "lstm": 0.0
  },
  "n_ticks_used": 11218,
  "n_trainable_labels": 6837
}