{
  "trained_at": "2026-06-27T00:43:54.020638+00:00",
  "metrics": {
    "n_train": 10625,
    "n_test": 2651,
    "accuracy": 0.5039607695209355,
    "auc": 0.481815747645715,
    "auc_raw": 0.481815747645715,
    "flip": false,
    "brier": 0.25356490762763656,
    "logloss": 0.7004016358293041,
    "base_rate": 0.4677647058823529,
    "brier_lgbm": 0.25447872656911835,
    "brier_xgb": 0.2536869212434647,
    "brier_lstm": 0.35531098933424915,
    "tradeable": false,
    "trade_block_reason": "auc < 0.54"
  },
  "weights": {
    "lgbm": 0.2,
    "xgb": 0.7000000000000001,
    "lstm": 0.09999999999999998
  },
  "n_ticks_used": 21440,
  "n_trainable_labels": 13282
}