{
  "trained_at": "2026-06-11T00:47:55.036121+00:00",
  "metrics": {
    "n_train": 7994,
    "n_test": 1993,
    "accuracy": 0.5408931259407928,
    "auc": 0.5534689207981631,
    "auc_raw": 0.5534689207981631,
    "flip": false,
    "brier": 0.2493308504601295,
    "logloss": 0.6921283596206589,
    "base_rate": 0.4573430072554416,
    "brier_lgbm": 0.25506651904265776,
    "brier_xgb": 0.2542746982448391,
    "brier_lstm": 0.32932195864213154,
    "tradeable": false,
    "trade_block_reason": "brier > 0.245"
  },
  "weights": {
    "lgbm": 0.4,
    "xgb": 0.4,
    "lstm": 0.19999999999999996
  },
  "n_ticks_used": 16202,
  "n_trainable_labels": 9993
}