{
  "trained_at": "2026-06-10T07:32:42.930790+00:00",
  "metrics": {
    "n_train": 7893,
    "n_test": 1968,
    "accuracy": 0.4949186991869919,
    "auc": 0.48762993709261393,
    "auc_raw": 0.48762993709261393,
    "flip": false,
    "brier": 0.25153955621574575,
    "logloss": 0.6962451868538104,
    "base_rate": 0.45559356391739514,
    "brier_lgbm": 0.2516311562231476,
    "brier_xgb": 0.25214248931044414,
    "brier_lstm": 0.3568219927196095,
    "tradeable": false,
    "trade_block_reason": "auc < 0.54"
  },
  "weights": {
    "lgbm": 0.7000000000000001,
    "xgb": 0.30000000000000004,
    "lstm": -1.1102230246251565e-16
  },
  "n_ticks_used": 15989,
  "n_trainable_labels": 9867
}