{
  "trained_at": "2026-06-28T00:44:53.498147+00:00",
  "metrics": {
    "n_train": 10877,
    "n_test": 2714,
    "accuracy": 0.4896831245394252,
    "auc": 0.49558823848874295,
    "auc_raw": 0.49558823848874295,
    "flip": false,
    "brier": 0.25186374566298503,
    "logloss": 0.6968857027752263,
    "base_rate": 0.46538567619748095,
    "brier_lgbm": 0.2521379869416392,
    "brier_xgb": 0.2518688188424589,
    "brier_lstm": 0.34855326500834677,
    "tradeable": false,
    "trade_block_reason": "auc < 0.54"
  },
  "weights": {
    "lgbm": 0.1,
    "xgb": 0.9,
    "lstm": 0.0
  },
  "n_ticks_used": 21935,
  "n_trainable_labels": 13597
}