{
  "trained_at": "2026-05-20T12:55:06.028544+00:00",
  "metrics": {
    "n_train": 4178,
    "n_test": 1039,
    "accuracy": 0.5986525505293552,
    "auc": 0.5439961929323632,
    "auc_raw": 0.5439961929323632,
    "flip": false,
    "brier": 0.24216708370144444,
    "logloss": 0.6774060752232984,
    "base_rate": 0.4521302058401149,
    "brier_lgbm": 0.24224087759883386,
    "brier_xgb": 0.24258494880397546,
    "brier_lstm": 0.3671483249941015,
    "tradeable": true,
    "trade_block_reason": "ok"
  },
  "weights": {
    "lgbm": 0.7000000000000001,
    "xgb": 0.30000000000000004,
    "lstm": -1.1102230246251565e-16
  },
  "n_ticks_used": 8639,
  "n_trainable_labels": 5223
}