{
  "trained_at": "2026-06-23T13:00:06.281517+00:00",
  "metrics": {
    "n_train": 9952,
    "n_test": 2482,
    "accuracy": 0.48186946011281223,
    "auc": 0.4654084987373516,
    "auc_raw": 0.4654084987373516,
    "flip": false,
    "brier": 0.2525208429893116,
    "logloss": 0.6982108013820031,
    "base_rate": 0.46141479099678456,
    "brier_lgbm": 0.25267517474379275,
    "brier_xgb": 0.252631706505521,
    "brier_lstm": 0.3603884360229449,
    "tradeable": false,
    "trade_block_reason": "auc < 0.54"
  },
  "weights": {
    "lgbm": 0.5,
    "xgb": 0.5,
    "lstm": 0.0
  },
  "n_ticks_used": 20110,
  "n_trainable_labels": 12440
}