{
  "trained_at": "2026-07-20T08:51:51.887220+00:00",
  "metrics": {
    "n_train": 13290,
    "n_test": 3317,
    "accuracy": 0.5284895990352728,
    "auc": 0.5102475308912134,
    "auc_raw": 0.5102475308912134,
    "flip": false,
    "brier": 0.24885915640990725,
    "logloss": 0.6908258839951283,
    "base_rate": 0.47133182844243793,
    "brier_lgbm": 0.2492061426914162,
    "brier_xgb": 0.24885915640990725,
    "brier_lstm": 0.35657948113098653,
    "tradeable": false,
    "trade_block_reason": "auc < 0.54"
  },
  "weights": {
    "lgbm": 0.0,
    "xgb": 1.0,
    "lstm": 0.0
  },
  "n_ticks_used": 26752,
  "n_trainable_labels": 16613
}