{
  "trained_at": "2026-07-13T09:01:13.048197+00:00",
  "metrics": {
    "n_train": 12522,
    "n_test": 3125,
    "accuracy": 0.53216,
    "auc": 0.5503046666879978,
    "auc_raw": 0.5503046666879978,
    "flip": false,
    "brier": 0.24779085279335214,
    "logloss": 0.6887077117697813,
    "base_rate": 0.4689346749720492,
    "brier_lgbm": 0.24988686605063223,
    "brier_xgb": 0.2493098667906526,
    "brier_lstm": 0.34201394767819693,
    "tradeable": false,
    "trade_block_reason": "brier > 0.245"
  },
  "weights": {
    "lgbm": 0.0,
    "xgb": 0.9,
    "lstm": 0.09999999999999998
  },
  "n_ticks_used": 25261,
  "n_trainable_labels": 15653
}