{
  "trained_at": "2026-06-10T00:48:30.566929+00:00",
  "metrics": {
    "n_train": 7862,
    "n_test": 1960,
    "accuracy": 0.5081632653061224,
    "auc": 0.48646513318729767,
    "auc_raw": 0.48646513318729767,
    "flip": false,
    "brier": 0.251454993352632,
    "logloss": 0.6960860711623433,
    "base_rate": 0.45433731874841005,
    "brier_lgbm": 0.25458214633502285,
    "brier_xgb": 0.251454993352632,
    "brier_lstm": 0.3675395853271993,
    "tradeable": false,
    "trade_block_reason": "auc < 0.54"
  },
  "weights": {
    "lgbm": 0.0,
    "xgb": 1.0,
    "lstm": 0.0
  },
  "n_ticks_used": 15924,
  "n_trainable_labels": 9828
}