{
  "trained_at": "2026-04-30T06:56:14.121172+00:00",
  "metrics": {
    "n_train": 306,
    "n_test": 71,
    "accuracy": 0.43661971830985913,
    "auc": 0.8422939068100358,
    "auc_raw": 0.8422939068100358,
    "flip": false,
    "brier": 0.27756947551093275,
    "logloss": 0.7526276958055743,
    "base_rate": 0.4542483660130719,
    "brier_lgbm": 0.2737788489059471,
    "brier_xgb": 0.30570847126318673,
    "brier_lstm": 0.41969944632823086
  },
  "weights": {
    "lgbm": 0.8,
    "xgb": 0.1,
    "lstm": 0.09999999999999995
  },
  "n_ticks_used": 443
}