{
  "trained_at": "2026-07-21T19:15:28.648147+00:00",
  "metrics": {
    "n_train": 13407,
    "n_test": 3346,
    "accuracy": 0.517931858936043,
    "auc": 0.52585952059406,
    "auc_raw": 0.52585952059406,
    "flip": false,
    "brier": 0.2492416402985093,
    "logloss": 0.6916053424867904,
    "base_rate": 0.47161930334899677,
    "brier_lgbm": 0.2499745357701152,
    "brier_xgb": 0.24944588235083853,
    "brier_lstm": 0.34519861086029296,
    "tradeable": false,
    "trade_block_reason": "auc < 0.54"
  },
  "weights": {
    "lgbm": 0.0,
    "xgb": 0.9,
    "lstm": 0.09999999999999998
  },
  "n_ticks_used": 26985,
  "n_trainable_labels": 16759
}