{
  "trained_at": "2026-06-27T12:30:48.725745+00:00",
  "metrics": {
    "n_train": 10701,
    "n_test": 2670,
    "accuracy": 0.5074906367041199,
    "auc": 0.486604954664867,
    "auc_raw": 0.486604954664867,
    "flip": false,
    "brier": 0.2555485709131826,
    "logloss": 0.704955031795471,
    "base_rate": 0.4674329501915709,
    "brier_lgbm": 0.25585680377784253,
    "brier_xgb": 0.2578510656363955,
    "brier_lstm": 0.3449064718464904,
    "tradeable": false,
    "trade_block_reason": "auc < 0.54"
  },
  "weights": {
    "lgbm": 0.9,
    "xgb": 0.0,
    "lstm": 0.09999999999999998
  },
  "n_ticks_used": 21595,
  "n_trainable_labels": 13377
}