{
  "trained_at": "2026-05-25T00:43:29.536337+00:00",
  "metrics": {
    "n_train": 5148,
    "n_test": 1282,
    "accuracy": 0.546801872074883,
    "auc": 0.4951358188427154,
    "auc_raw": 0.4951358188427154,
    "flip": false,
    "brier": 0.24806936177335334,
    "logloss": 0.6892843120398889,
    "base_rate": 0.4456099456099456,
    "brier_lgbm": 0.24821963213992154,
    "brier_xgb": 0.24806936177335334,
    "brier_lstm": 0.3732317935794266,
    "tradeable": false,
    "trade_block_reason": "auc < 0.54"
  },
  "weights": {
    "lgbm": 0.0,
    "xgb": 1.0,
    "lstm": 0.0
  },
  "n_ticks_used": 10556,
  "n_trainable_labels": 6436
}