{
  "trained_at": "2026-05-08T00:37:29.158199+00:00",
  "metrics": {
    "n_train": 1380,
    "n_test": 346,
    "accuracy": 0.5433526011560693,
    "auc": 0.5391072891072891,
    "auc_raw": 0.5391072891072891,
    "flip": false,
    "brier": 0.2607802183370875,
    "logloss": 0.7157884056540872,
    "base_rate": 0.4702898550724638,
    "brier_lgbm": 0.2693427455291075,
    "brier_xgb": 0.2607802183370875,
    "tradeable": false,
    "trade_block_reason": "auc < 0.54"
  },
  "weights": {
    "lgbm": 0.0,
    "xgb": 1.0
  },
  "n_ticks_used": 3044,
  "n_trainable_labels": 1726
}