{
  "trained_at": "2026-07-21T13:30:00.382809+00:00",
  "metrics": {
    "n_train": 13396,
    "n_test": 3343,
    "accuracy": 0.522883637451391,
    "auc": 0.5268779512097761,
    "auc_raw": 0.5268779512097761,
    "flip": false,
    "brier": 0.24926664356430783,
    "logloss": 0.6916727709652155,
    "base_rate": 0.47148402508211407,
    "brier_lgbm": 0.2501917639708453,
    "brier_xgb": 0.24981606206234697,
    "brier_lstm": 0.33869749423935885,
    "tradeable": false,
    "trade_block_reason": "auc < 0.54"
  },
  "weights": {
    "lgbm": 0.0,
    "xgb": 0.9,
    "lstm": 0.09999999999999998
  },
  "n_ticks_used": 26959,
  "n_trainable_labels": 16745
}