{
  "trained_at": "2026-07-08T02:13:56.823503+00:00",
  "metrics": {
    "n_train": 12042,
    "n_test": 3005,
    "accuracy": 0.4885191347753744,
    "auc": 0.5306491767052757,
    "auc_raw": 0.5306491767052757,
    "flip": false,
    "brier": 0.25817803819096413,
    "logloss": 0.7100389259282642,
    "base_rate": 0.4702707191496429,
    "brier_lgbm": 0.26057146862651376,
    "brier_xgb": 0.2681131210444205,
    "brier_lstm": 0.35715353863640464,
    "tradeable": false,
    "trade_block_reason": "auc < 0.54"
  },
  "weights": {
    "lgbm": 0.9,
    "xgb": 0.0,
    "lstm": 0.09999999999999998
  },
  "n_ticks_used": 24299,
  "n_trainable_labels": 15053
}