{
  "trained_at": "2026-07-02T00:44:36.168283+00:00",
  "metrics": {
    "n_train": 11625,
    "n_test": 2901,
    "accuracy": 0.49258876249569117,
    "auc": 0.5088063862742762,
    "auc_raw": 0.5088063862742762,
    "flip": false,
    "brier": 0.2617538043902008,
    "logloss": 0.7175737143166108,
    "base_rate": 0.4686451612903226,
    "brier_lgbm": 0.2646282828976928,
    "brier_xgb": 0.26432139352649675,
    "brier_lstm": 0.36547060125310676,
    "tradeable": false,
    "trade_block_reason": "auc < 0.54"
  },
  "weights": {
    "lgbm": 0.2,
    "xgb": 0.7000000000000001,
    "lstm": 0.09999999999999998
  },
  "n_ticks_used": 23415,
  "n_trainable_labels": 14532
}