{
  "trained_at": "2026-05-25T13:11:40.414633+00:00",
  "metrics": {
    "n_train": 5208,
    "n_test": 1297,
    "accuracy": 0.525828835774865,
    "auc": 0.5038433111603843,
    "auc_raw": 0.5038433111603843,
    "flip": false,
    "brier": 0.250363185053663,
    "logloss": 0.6938851692300744,
    "base_rate": 0.4441244239631336,
    "brier_lgbm": 0.250363185053663,
    "brier_xgb": 0.2505510250735176,
    "brier_lstm": 0.3644064158652712,
    "tradeable": false,
    "trade_block_reason": "auc < 0.54"
  },
  "weights": {
    "lgbm": 1.0,
    "xgb": 0.0,
    "lstm": 0.0
  },
  "n_ticks_used": 10673,
  "n_trainable_labels": 6511
}