{
  "trained_at": "2026-06-18T00:50:26.792920+00:00",
  "metrics": {
    "n_train": 9035,
    "n_test": 2253,
    "accuracy": 0.49533954727030627,
    "auc": 0.466834651998487,
    "auc_raw": 0.466834651998487,
    "flip": false,
    "brier": 0.25168170708620335,
    "logloss": 0.696531307597818,
    "base_rate": 0.45932484781405647,
    "brier_lgbm": 0.2527897878786428,
    "brier_xgb": 0.25168170708620335,
    "brier_lstm": 0.3551847248430234,
    "tradeable": false,
    "trade_block_reason": "auc < 0.54"
  },
  "weights": {
    "lgbm": 0.0,
    "xgb": 1.0,
    "lstm": 0.0
  },
  "n_ticks_used": 18316,
  "n_trainable_labels": 11294
}