{
  "trained_at": "2026-07-22T19:10:03.177686+00:00",
  "metrics": {
    "n_train": 13485,
    "n_test": 3366,
    "accuracy": 0.5258467023172906,
    "auc": 0.5314042411442017,
    "auc_raw": 0.5314042411442017,
    "flip": false,
    "brier": 0.2493922000686141,
    "logloss": 0.6919134588178595,
    "base_rate": 0.4730441230997405,
    "brier_lgbm": 0.2505483737063594,
    "brier_xgb": 0.2502914207632463,
    "brier_lstm": 0.342659465101292,
    "tradeable": false,
    "trade_block_reason": "auc < 0.54"
  },
  "weights": {
    "lgbm": 0.0,
    "xgb": 0.9,
    "lstm": 0.09999999999999998
  },
  "n_ticks_used": 27154,
  "n_trainable_labels": 16857
}