{
  "trained_at": "2026-06-04T00:53:54.233562+00:00",
  "metrics": {
    "n_train": 6713,
    "n_test": 1673,
    "accuracy": 0.5074716078900179,
    "auc": 0.5013254080654621,
    "auc_raw": 0.5013254080654621,
    "flip": false,
    "brier": 0.2509295529448037,
    "logloss": 0.6949853932350503,
    "base_rate": 0.45106509757187546,
    "brier_lgbm": 0.2510277604531663,
    "brier_xgb": 0.25119049695216117,
    "brier_lstm": 0.3880562879407362,
    "tradeable": false,
    "trade_block_reason": "auc < 0.54"
  },
  "weights": {
    "lgbm": 0.6000000000000001,
    "xgb": 0.4,
    "lstm": -1.1102230246251565e-16
  },
  "n_ticks_used": 13678,
  "n_trainable_labels": 8392
}