{
  "trained_at": "2026-06-01T14:04:12.431794+00:00",
  "metrics": {
    "n_train": 6442,
    "n_test": 1605,
    "accuracy": 0.5077881619937694,
    "auc": 0.5051986594524751,
    "auc_raw": 0.5051986594524751,
    "flip": false,
    "brier": 0.2526651184739343,
    "logloss": 0.6985064299205633,
    "base_rate": 0.44706612853151195,
    "brier_lgbm": 0.2526786619213923,
    "brier_xgb": 0.2528107084161508,
    "brier_lstm": 0.38792659791130346,
    "tradeable": false,
    "trade_block_reason": "auc < 0.54"
  },
  "weights": {
    "lgbm": 0.8,
    "xgb": 0.2,
    "lstm": -5.551115123125783e-17
  },
  "n_ticks_used": 13116,
  "n_trainable_labels": 8053
}