{
  "trained_at": "2026-05-31T12:31:55.208455+00:00",
  "metrics": {
    "n_train": 6201,
    "n_test": 1545,
    "accuracy": 0.4841423948220065,
    "auc": 0.5099602094451446,
    "auc_raw": 0.5099602094451446,
    "flip": false,
    "brier": 0.25500086547674844,
    "logloss": 0.7032195798988673,
    "base_rate": 0.4394452507660055,
    "brier_lgbm": 0.25500086547674844,
    "brier_xgb": 0.25745575247096514,
    "brier_lstm": 0.39406017659814574,
    "tradeable": false,
    "trade_block_reason": "auc < 0.54"
  },
  "weights": {
    "lgbm": 1.0,
    "xgb": 0.0,
    "lstm": 0.0
  },
  "n_ticks_used": 12650,
  "n_trainable_labels": 7752
}