{
  "trained_at": "2026-05-17T00:39:50.234769+00:00",
  "metrics": {
    "n_train": 3504,
    "n_test": 871,
    "accuracy": 0.5522388059701493,
    "auc": 0.45136796985499744,
    "auc_raw": 0.45136796985499744,
    "flip": false,
    "brier": 0.24801502254851066,
    "logloss": 0.6891721633181143,
    "base_rate": 0.4637557077625571,
    "brier_lgbm": 0.2494004407603541,
    "brier_xgb": 0.24801502254851066,
    "brier_lstm": 0.378516532033668,
    "tradeable": false,
    "trade_block_reason": "auc < 0.54"
  },
  "weights": {
    "lgbm": 0.0,
    "xgb": 1.0,
    "lstm": 0.0
  },
  "n_ticks_used": 7292,
  "n_trainable_labels": 4381
}