{
  "trained_at": "2026-05-29T13:08:07.171463+00:00",
  "metrics": {
    "n_train": 5736,
    "n_test": 1428,
    "accuracy": 0.4880952380952381,
    "auc": 0.5279418691368686,
    "auc_raw": 0.5279418691368686,
    "flip": false,
    "brier": 0.2540261903108554,
    "logloss": 0.7011808706493192,
    "base_rate": 0.44037656903765693,
    "brier_lgbm": 0.2541228974482467,
    "brier_xgb": 0.254174581012364,
    "brier_lstm": 0.38442256316710494,
    "tradeable": false,
    "trade_block_reason": "auc < 0.54"
  },
  "weights": {
    "lgbm": 0.6000000000000001,
    "xgb": 0.4,
    "lstm": -1.1102230246251565e-16
  },
  "n_ticks_used": 11762,
  "n_trainable_labels": 7170
}