{
  "trained_at": "2026-05-04T18:35:30.255017+00:00",
  "metrics": {
    "n_train": 677,
    "n_test": 170,
    "accuracy": 0.48823529411764705,
    "auc": 0.5279700115340253,
    "auc_raw": 0.5279700115340253,
    "flip": false,
    "brier": 0.25505532449299256,
    "logloss": 0.7032935878887029,
    "base_rate": 0.5140324963072378,
    "brier_lgbm": 0.25505532449299256,
    "brier_xgb": 0.2794850928183487,
    "tradeable": false,
    "trade_block_reason": "auc < 0.54"
  },
  "weights": {
    "lgbm": 1.0,
    "xgb": 0.0
  },
  "n_ticks_used": 1627,
  "n_trainable_labels": 847
}