{
  "trained_at": "2026-06-19T18:40:03.498716+00:00",
  "metrics": {
    "n_train": 9295,
    "n_test": 2318,
    "accuracy": 0.497411561691113,
    "auc": 0.5053652486150415,
    "auc_raw": 0.5053652486150415,
    "flip": false,
    "brier": 0.25308429180598047,
    "logloss": 0.6994813155675635,
    "base_rate": 0.45960193652501347,
    "brier_lgbm": 0.2545023002763041,
    "brier_xgb": 0.2536792772342584,
    "brier_lstm": 0.3442365489670403,
    "tradeable": false,
    "trade_block_reason": "auc < 0.54"
  },
  "weights": {
    "lgbm": 0.0,
    "xgb": 0.9,
    "lstm": 0.09999999999999998
  },
  "n_ticks_used": 18815,
  "n_trainable_labels": 11619
}