{
  "trained_at": "2026-07-03T08:58:01.679773+00:00",
  "metrics": {
    "n_train": 11722,
    "n_test": 2925,
    "accuracy": 0.5005128205128205,
    "auc": 0.5282211088218767,
    "auc_raw": 0.5282211088218767,
    "flip": false,
    "brier": 0.2524587295356719,
    "logloss": 0.698372084504348,
    "base_rate": 0.4688619689472786,
    "brier_lgbm": 0.2707395521505311,
    "brier_xgb": 0.2528726111227504,
    "brier_lstm": 0.3641559701939183,
    "tradeable": false,
    "trade_block_reason": "auc < 0.54"
  },
  "weights": {
    "lgbm": 0.0,
    "xgb": 0.9,
    "lstm": 0.09999999999999998
  },
  "n_ticks_used": 23610,
  "n_trainable_labels": 14653
}