{
  "trained_at": "2026-05-20T00:44:10.779035+00:00",
  "metrics": {
    "n_train": 4115,
    "n_test": 1023,
    "accuracy": 0.5835777126099707,
    "auc": 0.5536646452964069,
    "auc_raw": 0.5536646452964069,
    "flip": false,
    "brier": 0.24296874282280864,
    "logloss": 0.6789959319926735,
    "base_rate": 0.450546780072904,
    "brier_lgbm": 0.24296874282280864,
    "brier_xgb": 0.24389647871443243,
    "brier_lstm": 0.35655233735348946,
    "tradeable": true,
    "trade_block_reason": "ok"
  },
  "weights": {
    "lgbm": 1.0,
    "xgb": 0.0,
    "lstm": 0.0
  },
  "n_ticks_used": 8512,
  "n_trainable_labels": 5144
}