{
  "trained_at": "2026-07-22T08:22:20.046132+00:00",
  "metrics": {
    "n_train": 13459,
    "n_test": 3359,
    "accuracy": 0.47037808871688,
    "auc": 0.4954128048611245,
    "auc_raw": 0.4954128048611245,
    "flip": false,
    "brier": 0.25040306256644235,
    "logloss": 0.6939532492351549,
    "base_rate": 0.47351214800505237,
    "brier_lgbm": 0.25040306256644235,
    "brier_xgb": 0.2510970528167787,
    "brier_lstm": 0.35148479114637526,
    "tradeable": false,
    "trade_block_reason": "auc < 0.54"
  },
  "weights": {
    "lgbm": 1.0,
    "xgb": 0.0,
    "lstm": 0.0
  },
  "n_ticks_used": 27086,
  "n_trainable_labels": 16824
}