{
  "trained_at": "2026-07-18T07:43:35.016667+00:00",
  "metrics": {
    "n_train": 13064,
    "n_test": 3260,
    "accuracy": 0.5322085889570553,
    "auc": 0.5349939722724533,
    "auc_raw": 0.5349939722724533,
    "flip": false,
    "brier": 0.2487455360398863,
    "logloss": 0.6906229493989318,
    "base_rate": 0.4680036742192284,
    "brier_lgbm": 0.24977092235458181,
    "brier_xgb": 0.24953708193358978,
    "brier_lstm": 0.34001313374649605,
    "tradeable": false,
    "trade_block_reason": "auc < 0.54"
  },
  "weights": {
    "lgbm": 0.0,
    "xgb": 0.9,
    "lstm": 0.09999999999999998
  },
  "n_ticks_used": 26312,
  "n_trainable_labels": 16330
}