{
  "trained_at": "2026-07-07T14:22:49.686331+00:00",
  "metrics": {
    "n_train": 12010,
    "n_test": 2997,
    "accuracy": 0.48214881548214883,
    "auc": 0.5131427458777357,
    "auc_raw": 0.5131427458777357,
    "flip": false,
    "brier": 0.2585504187172321,
    "logloss": 0.7107409473610832,
    "base_rate": 0.47019150707743546,
    "brier_lgbm": 0.2600267384355789,
    "brier_xgb": 0.26055849567859796,
    "brier_lstm": 0.3569887197377152,
    "tradeable": false,
    "trade_block_reason": "auc < 0.54"
  },
  "weights": {
    "lgbm": 0.6000000000000001,
    "xgb": 0.30000000000000004,
    "lstm": 0.09999999999999987
  },
  "n_ticks_used": 24224,
  "n_trainable_labels": 15013
}