{
  "trained_at": "2026-06-14T18:32:51.618352+00:00",
  "metrics": {
    "n_train": 8623,
    "n_test": 2150,
    "accuracy": 0.5176744186046511,
    "auc": 0.5070245045691109,
    "auc_raw": 0.5070245045691109,
    "flip": false,
    "brier": 0.25213531005482626,
    "logloss": 0.6975053077484078,
    "base_rate": 0.46190420967180795,
    "brier_lgbm": 0.25765240160493363,
    "brier_xgb": 0.25272491037190503,
    "brier_lstm": 0.3484374200675612,
    "tradeable": false,
    "trade_block_reason": "auc < 0.54"
  },
  "weights": {
    "lgbm": 0.0,
    "xgb": 0.9,
    "lstm": 0.09999999999999998
  },
  "n_ticks_used": 17461,
  "n_trainable_labels": 10779
}