{
  "trained_at": "2026-05-09T12:22:14.925383+00:00",
  "metrics": {
    "n_train": 1744,
    "n_test": 430,
    "accuracy": 0.513953488372093,
    "auc": 0.5248868778280543,
    "auc_raw": 0.5248868778280543,
    "flip": false,
    "brier": 0.24975082347466449,
    "logloss": 0.6926500573419487,
    "base_rate": 0.4592889908256881,
    "brier_lgbm": 0.2535489435293692,
    "brier_xgb": 0.25050162608493304,
    "brier_lstm": 0.36389178663431077,
    "tradeable": false,
    "trade_block_reason": "auc < 0.54"
  },
  "weights": {
    "lgbm": 0.0,
    "xgb": 0.9,
    "lstm": 0.09999999999999998
  },
  "n_ticks_used": 3780,
  "n_trainable_labels": 2180
}