{
  "trained_at": "2026-05-27T07:29:39.255037+00:00",
  "metrics": {
    "n_train": 5451,
    "n_test": 1357,
    "accuracy": 0.5453205600589536,
    "auc": 0.5283177293609912,
    "auc_raw": 0.5283177293609912,
    "flip": false,
    "brier": 0.250355731605387,
    "logloss": 0.6939283430365332,
    "base_rate": 0.4459732159236837,
    "brier_lgbm": 0.25079550121364,
    "brier_xgb": 0.250475859031949,
    "brier_lstm": 0.3556019840205349,
    "tradeable": false,
    "trade_block_reason": "auc < 0.54"
  },
  "weights": {
    "lgbm": 0.0,
    "xgb": 0.9,
    "lstm": 0.09999999999999998
  },
  "n_ticks_used": 11179,
  "n_trainable_labels": 6814
}