{
  "trained_at": "2026-06-03T00:54:16.153243+00:00",
  "metrics": {
    "n_train": 6620,
    "n_test": 1649,
    "accuracy": 0.5172832019405701,
    "auc": 0.5103240662933906,
    "auc_raw": 0.5103240662933906,
    "flip": false,
    "brier": 0.2501185844286591,
    "logloss": 0.6936246512711959,
    "base_rate": 0.4506042296072508,
    "brier_lgbm": 0.25064179884339094,
    "brier_xgb": 0.2501185844286591,
    "brier_lstm": 0.4273318705761604,
    "tradeable": false,
    "trade_block_reason": "auc < 0.54"
  },
  "weights": {
    "lgbm": 0.0,
    "xgb": 1.0,
    "lstm": 0.0
  },
  "n_ticks_used": 13475,
  "n_trainable_labels": 8275
}