{
  "trained_at": "2026-06-16T19:17:36.674221+00:00",
  "metrics": {
    "n_train": 8866,
    "n_test": 2211,
    "accuracy": 0.5106286748077793,
    "auc": 0.5192604271035933,
    "auc_raw": 0.5192604271035933,
    "flip": false,
    "brier": 0.2511568108001757,
    "logloss": 0.6955487695483583,
    "base_rate": 0.46131288066771936,
    "brier_lgbm": 0.25318728256072165,
    "brier_xgb": 0.2542506639428053,
    "brier_lstm": 0.33843625755118084,
    "tradeable": false,
    "trade_block_reason": "auc < 0.54"
  },
  "weights": {
    "lgbm": 0.9,
    "xgb": 0.0,
    "lstm": 0.09999999999999998
  },
  "n_ticks_used": 17963,
  "n_trainable_labels": 11083
}