{
  "trained_at": "2026-06-25T18:47:52.540961+00:00",
  "metrics": {
    "n_train": 10384,
    "n_test": 2591,
    "accuracy": 0.512157468159012,
    "auc": 0.48041581142503437,
    "auc_raw": 0.48041581142503437,
    "flip": false,
    "brier": 0.2513825786333637,
    "logloss": 0.695959416855308,
    "base_rate": 0.46369414483821264,
    "brier_lgbm": 0.25242690081826735,
    "brier_xgb": 0.2513825786333637,
    "brier_lstm": 0.378167610149414,
    "tradeable": false,
    "trade_block_reason": "auc < 0.54"
  },
  "weights": {
    "lgbm": 0.0,
    "xgb": 1.0,
    "lstm": 0.0
  },
  "n_ticks_used": 20958,
  "n_trainable_labels": 12981
}