{
  "trained_at": "2026-06-03T13:39:27.311420+00:00",
  "metrics": {
    "n_train": 6663,
    "n_test": 1660,
    "accuracy": 0.5060240963855421,
    "auc": 0.4984817990137139,
    "auc_raw": 0.4984817990137139,
    "flip": false,
    "brier": 0.2519422142848591,
    "logloss": 0.697063486328822,
    "base_rate": 0.44934714092751016,
    "brier_lgbm": 0.25271050229297753,
    "brier_xgb": 0.2519422142848591,
    "brier_lstm": 0.38829790688321364,
    "tradeable": false,
    "trade_block_reason": "auc < 0.54"
  },
  "weights": {
    "lgbm": 0.0,
    "xgb": 1.0,
    "lstm": 0.0
  },
  "n_ticks_used": 13569,
  "n_trainable_labels": 8329
}