{
  "trained_at": "2026-05-10T12:21:38.264092+00:00",
  "metrics": {
    "n_train": 2046,
    "n_test": 506,
    "accuracy": 0.5790513833992095,
    "auc": 0.5154958677685951,
    "auc_raw": 0.5154958677685951,
    "flip": false,
    "brier": 0.2464491424717779,
    "logloss": 0.6860694571788448,
    "base_rate": 0.4696969696969697,
    "brier_lgbm": 0.24811915183087763,
    "brier_xgb": 0.24861570999240679,
    "brier_lstm": 0.3281050352347087,
    "tradeable": false,
    "trade_block_reason": "auc < 0.54"
  },
  "weights": {
    "lgbm": 0.9,
    "xgb": 0.0,
    "lstm": 0.09999999999999998
  },
  "n_ticks_used": 4384,
  "n_trainable_labels": 2558
}