{
  "trained_at": "2026-06-28T12:31:19.770248+00:00",
  "metrics": {
    "n_train": 10948,
    "n_test": 2731,
    "accuracy": 0.5005492493592091,
    "auc": 0.49281348583613926,
    "auc_raw": 0.49281348583613926,
    "flip": false,
    "brier": 0.2511083597397046,
    "logloss": 0.6954136946894216,
    "base_rate": 0.46620387285348924,
    "brier_lgbm": 0.2511083597397046,
    "brier_xgb": 0.25166713683120007,
    "brier_lstm": 0.35110207485638745,
    "tradeable": false,
    "trade_block_reason": "auc < 0.54"
  },
  "weights": {
    "lgbm": 1.0,
    "xgb": 0.0,
    "lstm": 0.0
  },
  "n_ticks_used": 22074,
  "n_trainable_labels": 13685
}