{
  "trained_at": "2026-07-05T08:49:58.761267+00:00",
  "metrics": {
    "n_train": 11873,
    "n_test": 2963,
    "accuracy": 0.48498143773202834,
    "auc": 0.5092474379135822,
    "auc_raw": 0.5092474379135822,
    "flip": false,
    "brier": 0.26344281974820943,
    "logloss": 0.7211727279500735,
    "base_rate": 0.4696369914933041,
    "brier_lgbm": 0.27311088587554844,
    "brier_xgb": 0.2688483642277062,
    "brier_lstm": 0.34486466886267586,
    "tradeable": false,
    "trade_block_reason": "auc < 0.54"
  },
  "weights": {
    "lgbm": 0.0,
    "xgb": 0.8,
    "lstm": 0.19999999999999996
  },
  "n_ticks_used": 23937,
  "n_trainable_labels": 14842
}