{
  "trained_at": "2026-06-30T12:44:10.052435+00:00",
  "metrics": {
    "n_train": 11397,
    "n_test": 2844,
    "accuracy": 0.4785513361462729,
    "auc": 0.49540157073171215,
    "auc_raw": 0.49540157073171215,
    "flip": false,
    "brier": 0.2524373149871471,
    "logloss": 0.698128604951411,
    "base_rate": 0.46635079406861457,
    "brier_lgbm": 0.2595599647416716,
    "brier_xgb": 0.2524373149871471,
    "brier_lstm": 0.3651009206237097,
    "tradeable": false,
    "trade_block_reason": "auc < 0.54"
  },
  "weights": {
    "lgbm": 0.0,
    "xgb": 1.0,
    "lstm": 0.0
  },
  "n_ticks_used": 22916,
  "n_trainable_labels": 14247
}