{
  "trained_at": "2026-07-17T13:19:47.847279+00:00",
  "metrics": {
    "n_train": 12973,
    "n_test": 3238,
    "accuracy": 0.532118591723286,
    "auc": 0.5389361851610873,
    "auc_raw": 0.5389361851610873,
    "flip": false,
    "brier": 0.24875760992244014,
    "logloss": 0.690646241234584,
    "base_rate": 0.46812610807060817,
    "brier_lgbm": 0.24993856548997215,
    "brier_xgb": 0.24940306460345227,
    "brier_lstm": 0.34573719894449556,
    "tradeable": false,
    "trade_block_reason": "auc < 0.54"
  },
  "weights": {
    "lgbm": 0.0,
    "xgb": 0.9,
    "lstm": 0.09999999999999998
  },
  "n_ticks_used": 26132,
  "n_trainable_labels": 16217
}