{
  "trained_at": "2026-07-08T19:20:13.869917+00:00",
  "metrics": {
    "n_train": 12120,
    "n_test": 3024,
    "accuracy": 0.519510582010582,
    "auc": 0.5347460894711474,
    "auc_raw": 0.5347460894711474,
    "flip": false,
    "brier": 0.24878991641665216,
    "logloss": 0.6907152906939416,
    "base_rate": 0.4682343234323432,
    "brier_lgbm": 0.25974981940371233,
    "brier_xgb": 0.2495493427006873,
    "brier_lstm": 0.345074358359751,
    "tradeable": false,
    "trade_block_reason": "auc < 0.54"
  },
  "weights": {
    "lgbm": 0.1,
    "xgb": 0.8,
    "lstm": 0.09999999999999998
  },
  "n_ticks_used": 24436,
  "n_trainable_labels": 15150
}