{
  "trained_at": "2026-06-11T07:43:32.761411+00:00",
  "metrics": {
    "n_train": 8040,
    "n_test": 2004,
    "accuracy": 0.5284431137724551,
    "auc": 0.5562808349146111,
    "auc_raw": 0.5562808349146111,
    "flip": false,
    "brier": 0.2472830680297275,
    "logloss": 0.6876687031528478,
    "base_rate": 0.4575870646766169,
    "brier_lgbm": 0.24957184770029486,
    "brier_xgb": 0.2497078902097118,
    "brier_lstm": 0.3303432085890891,
    "tradeable": false,
    "trade_block_reason": "brier > 0.245"
  },
  "weights": {
    "lgbm": 0.5,
    "xgb": 0.4,
    "lstm": 0.09999999999999998
  },
  "n_ticks_used": 16285,
  "n_trainable_labels": 10050
}