{
  "trained_at": "2026-06-14T12:42:40.992723+00:00",
  "metrics": {
    "n_train": 8560,
    "n_test": 2135,
    "accuracy": 0.5152224824355972,
    "auc": 0.5146890801137989,
    "auc_raw": 0.5146890801137989,
    "flip": false,
    "brier": 0.2518790943305781,
    "logloss": 0.6970027241967874,
    "base_rate": 0.45981308411214955,
    "brier_lgbm": 0.25363909197093504,
    "brier_xgb": 0.25238628878478375,
    "brier_lstm": 0.3461775750140836,
    "tradeable": false,
    "trade_block_reason": "auc < 0.54"
  },
  "weights": {
    "lgbm": 0.0,
    "xgb": 0.9,
    "lstm": 0.09999999999999998
  },
  "n_ticks_used": 17335,
  "n_trainable_labels": 10701
}