{
  "trained_at": "2026-05-22T12:51:57.985299+00:00",
  "metrics": {
    "n_train": 4513,
    "n_test": 1123,
    "accuracy": 0.597506678539626,
    "auc": 0.4778174603174603,
    "auc_raw": 0.4778174603174603,
    "flip": false,
    "brier": 0.24365175008816206,
    "logloss": 0.6804461252776732,
    "base_rate": 0.45335696875692444,
    "brier_lgbm": 0.24443260353810667,
    "brier_xgb": 0.24396610812506997,
    "brier_lstm": 0.3540364186344358,
    "tradeable": false,
    "trade_block_reason": "auc < 0.54"
  },
  "weights": {
    "lgbm": 0.4,
    "xgb": 0.6000000000000001,
    "lstm": -1.1102230246251565e-16
  },
  "n_ticks_used": 9292,
  "n_trainable_labels": 5642
}