{
  "trained_at": "2026-06-21T07:41:08.497393+00:00",
  "metrics": {
    "n_train": 9590,
    "n_test": 2392,
    "accuracy": 0.4770066889632107,
    "auc": 0.496200835004392,
    "auc_raw": 0.496200835004392,
    "flip": false,
    "brier": 0.25267662421056675,
    "logloss": 0.6985100004963257,
    "base_rate": 0.4587069864442127,
    "brier_lgbm": 0.25267662421056675,
    "brier_xgb": 0.25352404258297173,
    "brier_lstm": 0.36806818938492075,
    "tradeable": false,
    "trade_block_reason": "auc < 0.54"
  },
  "weights": {
    "lgbm": 1.0,
    "xgb": 0.0,
    "lstm": 0.0
  },
  "n_ticks_used": 19407,
  "n_trainable_labels": 11988
}