{
  "trained_at": "2026-07-23T19:10:02.945417+00:00",
  "metrics": {
    "n_train": 13558,
    "n_test": 3384,
    "accuracy": 0.4769503546099291,
    "auc": 0.523922826744655,
    "auc_raw": 0.523922826744655,
    "flip": false,
    "brier": 0.2504438661932479,
    "logloss": 0.6940389924586802,
    "base_rate": 0.4733736539312583,
    "brier_lgbm": 0.2505711529550203,
    "brier_xgb": 0.25088451773420617,
    "brier_lstm": 0.367266531011869,
    "tradeable": false,
    "trade_block_reason": "auc < 0.54"
  },
  "weights": {
    "lgbm": 0.6000000000000001,
    "xgb": 0.4,
    "lstm": -1.1102230246251565e-16
  },
  "n_ticks_used": 27308,
  "n_trainable_labels": 16948
}