{
  "trained_at": "2026-06-15T19:23:38.120488+00:00",
  "metrics": {
    "n_train": 8758,
    "n_test": 2184,
    "accuracy": 0.5361721611721612,
    "auc": 0.5143994223438733,
    "auc_raw": 0.5143994223438733,
    "flip": false,
    "brier": 0.25039429183701617,
    "logloss": 0.6940252009116334,
    "base_rate": 0.46243434574103676,
    "brier_lgbm": 0.25145520614684264,
    "brier_xgb": 0.25133910868616083,
    "brier_lstm": 0.3374861769645671,
    "tradeable": false,
    "trade_block_reason": "auc < 0.54"
  },
  "weights": {
    "lgbm": 0.4,
    "xgb": 0.5,
    "lstm": 0.09999999999999998
  },
  "n_ticks_used": 17740,
  "n_trainable_labels": 10948
}