{
  "trained_at": "2026-07-09T02:32:46.069580+00:00",
  "metrics": {
    "n_train": 12139,
    "n_test": 3029,
    "accuracy": 0.5163420270716408,
    "auc": 0.5244245410427272,
    "auc_raw": 0.5244245410427272,
    "flip": false,
    "brier": 0.25006797466301683,
    "logloss": 0.6933267311293659,
    "base_rate": 0.46774857896037564,
    "brier_lgbm": 0.26061452432608867,
    "brier_xgb": 0.25006797466301683,
    "brier_lstm": 0.3726112494745464,
    "tradeable": false,
    "trade_block_reason": "auc < 0.54"
  },
  "weights": {
    "lgbm": 0.0,
    "xgb": 1.0,
    "lstm": 0.0
  },
  "n_ticks_used": 24487,
  "n_trainable_labels": 15174
}