{
  "trained_at": "2026-05-19T13:07:51.084625+00:00",
  "metrics": {
    "n_train": 4010,
    "n_test": 997,
    "accuracy": 0.5486459378134403,
    "auc": 0.4808918875111435,
    "auc_raw": 0.4808918875111435,
    "flip": false,
    "brier": 0.24809864092878517,
    "logloss": 0.6893233563670302,
    "base_rate": 0.45012468827930174,
    "brier_lgbm": 0.24809864092878517,
    "brier_xgb": 0.24894776763355198,
    "brier_lstm": 0.3684498975572373,
    "tradeable": false,
    "trade_block_reason": "auc < 0.54"
  },
  "weights": {
    "lgbm": 1.0,
    "xgb": 0.0,
    "lstm": 0.0
  },
  "n_ticks_used": 8299,
  "n_trainable_labels": 5013
}