{
  "trained_at": "2026-06-29T00:46:36.882660+00:00",
  "metrics": {
    "n_train": 11119,
    "n_test": 2774,
    "accuracy": 0.5100937274693583,
    "auc": 0.5286728705632129,
    "auc_raw": 0.5286728705632129,
    "flip": false,
    "brier": 0.24999077874743736,
    "logloss": 0.6931423235760978,
    "base_rate": 0.466948466588722,
    "brier_lgbm": 0.24999171530250203,
    "brier_xgb": 0.25008297117276623,
    "brier_lstm": 0.36255627375599264,
    "tradeable": false,
    "trade_block_reason": "auc < 0.54"
  },
  "weights": {
    "lgbm": 0.9,
    "xgb": 0.1,
    "lstm": -2.7755575615628914e-17
  },
  "n_ticks_used": 22404,
  "n_trainable_labels": 13899
}