{
  "trained_at": "2026-06-24T12:47:50.761584+00:00",
  "metrics": {
    "n_train": 10133,
    "n_test": 2528,
    "accuracy": 0.5087025316455697,
    "auc": 0.5055279190899434,
    "auc_raw": 0.5055279190899434,
    "flip": false,
    "brier": 0.2512746602954011,
    "logloss": 0.6957616489051077,
    "base_rate": 0.4606730484555413,
    "brier_lgbm": 0.2512746602954011,
    "brier_xgb": 0.2516751810457685,
    "brier_lstm": 0.3733749911161384,
    "tradeable": false,
    "trade_block_reason": "auc < 0.54"
  },
  "weights": {
    "lgbm": 1.0,
    "xgb": 0.0,
    "lstm": 0.0
  },
  "n_ticks_used": 20467,
  "n_trainable_labels": 12667
}