{
  "trained_at": "2026-06-24T18:39:07.122589+00:00",
  "metrics": {
    "n_train": 10185,
    "n_test": 2541,
    "accuracy": 0.5340417158598977,
    "auc": 0.5326157435819234,
    "auc_raw": 0.5326157435819234,
    "flip": false,
    "brier": 0.24896183268226196,
    "logloss": 0.6910524398824285,
    "base_rate": 0.46097201767304863,
    "brier_lgbm": 0.24995644718603238,
    "brier_xgb": 0.25042902601924655,
    "brier_lstm": 0.336356739778222,
    "tradeable": false,
    "trade_block_reason": "auc < 0.54"
  },
  "weights": {
    "lgbm": 0.9,
    "xgb": 0.0,
    "lstm": 0.09999999999999998
  },
  "n_ticks_used": 20569,
  "n_trainable_labels": 12732
}