{
  "trained_at": "2026-06-25T00:45:09.121750+00:00",
  "metrics": {
    "n_train": 10247,
    "n_test": 2556,
    "accuracy": 0.5039123630672926,
    "auc": 0.4697507523964938,
    "auc_raw": 0.4697507523964938,
    "flip": false,
    "brier": 0.25110000638629015,
    "logloss": 0.6953549185027668,
    "base_rate": 0.4615009271006148,
    "brier_lgbm": 0.25120022921061524,
    "brier_xgb": 0.2511159886384852,
    "brier_lstm": 0.35869079444187385,
    "tradeable": false,
    "trade_block_reason": "auc < 0.54"
  },
  "weights": {
    "lgbm": 0.30000000000000004,
    "xgb": 0.7000000000000001,
    "lstm": -1.1102230246251565e-16
  },
  "n_ticks_used": 20699,
  "n_trainable_labels": 12809
}