{
  "trained_at": "2026-07-14T13:24:49.654446+00:00",
  "metrics": {
    "n_train": 12641,
    "n_test": 3155,
    "accuracy": 0.5185419968304279,
    "auc": 0.5261902615766711,
    "auc_raw": 0.5261902615766711,
    "flip": false,
    "brier": 0.2495602519247335,
    "logloss": 0.6922663874286389,
    "base_rate": 0.4680800569575192,
    "brier_lgbm": 0.25024314978336715,
    "brier_xgb": 0.2495602519247335,
    "brier_lstm": 0.36013737788301886,
    "tradeable": false,
    "trade_block_reason": "auc < 0.54"
  },
  "weights": {
    "lgbm": 0.0,
    "xgb": 1.0,
    "lstm": 0.0
  },
  "n_ticks_used": 25490,
  "n_trainable_labels": 15802
}