{
  "trained_at": "2026-05-13T12:46:54.498551+00:00",
  "metrics": {
    "n_train": 2682,
    "n_test": 665,
    "accuracy": 0.5278195488721804,
    "auc": 0.5257916009642398,
    "auc_raw": 0.5257916009642398,
    "flip": false,
    "brier": 0.24957911852611311,
    "logloss": 0.6923103511848511,
    "base_rate": 0.4601043997017151,
    "brier_lgbm": 0.24994398856283653,
    "brier_xgb": 0.24975405665561343,
    "brier_lstm": 0.38661299953054373,
    "tradeable": false,
    "trade_block_reason": "auc < 0.54"
  },
  "weights": {
    "lgbm": 0.4,
    "xgb": 0.6000000000000001,
    "lstm": -1.1102230246251565e-16
  },
  "n_ticks_used": 5658,
  "n_trainable_labels": 3353
}