{
  "trained_at": "2026-07-06T02:44:37.814480+00:00",
  "metrics": {
    "n_train": 11934,
    "n_test": 2978,
    "accuracy": 0.4822028206850235,
    "auc": 0.5134161029417418,
    "auc_raw": 0.5134161029417418,
    "flip": false,
    "brier": 0.25729123490678757,
    "logloss": 0.7082056687824726,
    "base_rate": 0.47050444109267636,
    "brier_lgbm": 0.2764556616815158,
    "brier_xgb": 0.25906478125766863,
    "brier_lstm": 0.34953094108916655,
    "tradeable": false,
    "trade_block_reason": "auc < 0.54"
  },
  "weights": {
    "lgbm": 0.0,
    "xgb": 0.9,
    "lstm": 0.09999999999999998
  },
  "n_ticks_used": 24066,
  "n_trainable_labels": 14918
}