{
  "trained_at": "2026-07-03T19:14:37.633699+00:00",
  "metrics": {
    "n_train": 11738,
    "n_test": 2929,
    "accuracy": 0.5302150904745647,
    "auc": 0.5299829009516601,
    "auc_raw": 0.5299829009516601,
    "flip": false,
    "brier": 0.24979701817597158,
    "logloss": 0.6928337420642966,
    "base_rate": 0.4689044130175498,
    "brier_lgbm": 0.2702223708222042,
    "brier_xgb": 0.24979701817597158,
    "brier_lstm": 0.35346218589186623,
    "tradeable": false,
    "trade_block_reason": "auc < 0.54"
  },
  "weights": {
    "lgbm": 0.0,
    "xgb": 1.0,
    "lstm": 0.0
  },
  "n_ticks_used": 23652,
  "n_trainable_labels": 14673
}