{
  "trained_at": "2026-06-15T08:01:40.601043+00:00",
  "metrics": {
    "n_train": 8729,
    "n_test": 2177,
    "accuracy": 0.515847496554892,
    "auc": 0.513161815119222,
    "auc_raw": 0.513161815119222,
    "flip": false,
    "brier": 0.2507754927404165,
    "logloss": 0.6949029030810713,
    "base_rate": 0.46351242983159585,
    "brier_lgbm": 0.2507754927404165,
    "brier_xgb": 0.2525323657660959,
    "brier_lstm": 0.36633262310477827,
    "tradeable": false,
    "trade_block_reason": "auc < 0.54"
  },
  "weights": {
    "lgbm": 1.0,
    "xgb": 0.0,
    "lstm": 0.0
  },
  "n_ticks_used": 17674,
  "n_trainable_labels": 10912
}