{
  "trained_at": "2026-05-26T13:02:18.538773+00:00",
  "metrics": {
    "n_train": 5344,
    "n_test": 1330,
    "accuracy": 0.5368421052631579,
    "auc": 0.5530299416973852,
    "auc_raw": 0.5530299416973852,
    "flip": false,
    "brier": 0.24769197195030973,
    "logloss": 0.6885192188830523,
    "base_rate": 0.44554640718562877,
    "brier_lgbm": 0.24896343084947276,
    "brier_xgb": 0.2495392489474417,
    "brier_lstm": 0.32384675630753423,
    "tradeable": false,
    "trade_block_reason": "brier > 0.245"
  },
  "weights": {
    "lgbm": 0.9,
    "xgb": 0.0,
    "lstm": 0.09999999999999998
  },
  "n_ticks_used": 10956,
  "n_trainable_labels": 6680
}