{
  "trained_at": "2026-06-10T13:12:10.044778+00:00",
  "metrics": {
    "n_train": 7913,
    "n_test": 1973,
    "accuracy": 0.5342118601115053,
    "auc": 0.5327672249581384,
    "auc_raw": 0.5327672249581384,
    "flip": false,
    "brier": 0.2505484761367465,
    "logloss": 0.6944606865482872,
    "base_rate": 0.45507392897763177,
    "brier_lgbm": 0.2536072470705613,
    "brier_xgb": 0.25190203839002,
    "brier_lstm": 0.33415267480717115,
    "tradeable": false,
    "trade_block_reason": "auc < 0.54"
  },
  "weights": {
    "lgbm": 0.0,
    "xgb": 0.9,
    "lstm": 0.09999999999999998
  },
  "n_ticks_used": 16035,
  "n_trainable_labels": 9892
}