{
  "trained_at": "2026-07-04T19:05:25.769746+00:00",
  "metrics": {
    "n_train": 11831,
    "n_test": 2952,
    "accuracy": 0.48272357723577236,
    "auc": 0.5154501104565536,
    "auc_raw": 0.5154501104565536,
    "flip": false,
    "brier": 0.26615403550298794,
    "logloss": 0.7267609495257494,
    "base_rate": 0.4696137266503254,
    "brier_lgbm": 0.2745903070993944,
    "brier_xgb": 0.26877580666123274,
    "brier_lstm": 0.3747048793071811,
    "tradeable": false,
    "trade_block_reason": "auc < 0.54"
  },
  "weights": {
    "lgbm": 0.0,
    "xgb": 0.9,
    "lstm": 0.09999999999999998
  },
  "n_ticks_used": 23848,
  "n_trainable_labels": 14789
}