{
  "trained_at": "2026-07-05T02:39:50.815370+00:00",
  "metrics": {
    "n_train": 11868,
    "n_test": 2961,
    "accuracy": 0.47044917257683216,
    "auc": 0.5206437713271551,
    "auc_raw": 0.5206437713271551,
    "flip": false,
    "brier": 0.26549934488026383,
    "logloss": 0.7251189402392394,
    "base_rate": 0.46983485001685205,
    "brier_lgbm": 0.2729025985605668,
    "brier_xgb": 0.26710950986893145,
    "brier_lstm": 0.35942573046022736,
    "tradeable": false,
    "trade_block_reason": "auc < 0.54"
  },
  "weights": {
    "lgbm": 0.0,
    "xgb": 0.9,
    "lstm": 0.09999999999999998
  },
  "n_ticks_used": 23920,
  "n_trainable_labels": 14835
}