{
  "trained_at": "2026-04-28T06:57:44.812621+00:00",
  "metrics": {
    "n_train": 252,
    "n_test": 57,
    "accuracy": 0.38596491228070173,
    "auc": 0.09870129870129868,
    "brier": 0.32461215672908794,
    "logloss": 0.849648783904793,
    "base_rate": 0.44047619047619047,
    "brier_lgbm": 0.3159576563386816,
    "brier_xgb": 0.306829167595706,
    "brier_lstm": 0.5891323150009823
  },
  "weights": {
    "lgbm": 0.1,
    "xgb": 0.8,
    "lstm": 0.09999999999999998
  },
  "n_ticks_used": 375
}