{
  "trained_at": "2026-05-16T06:50:39.061690+00:00",
  "metrics": {
    "n_train": 3221,
    "n_test": 800,
    "accuracy": 0.56375,
    "auc": 0.4690316222083369,
    "auc_raw": 0.4690316222083369,
    "flip": false,
    "brier": 0.24728638177333573,
    "logloss": 0.6877820254466276,
    "base_rate": 0.45700093138776776,
    "brier_lgbm": 0.24728638177333573,
    "brier_xgb": 0.2548738220548794,
    "brier_lstm": 0.3660137261946747,
    "tradeable": false,
    "trade_block_reason": "auc < 0.54"
  },
  "weights": {
    "lgbm": 1.0,
    "xgb": 0.0,
    "lstm": 0.0
  },
  "n_ticks_used": 6747,
  "n_trainable_labels": 4027
}