{
  "trained_at": "2026-04-28T18:35:28.022499+00:00",
  "metrics": {
    "n_train": 263,
    "n_test": 60,
    "accuracy": 0.18333333333333332,
    "auc": 0.39517625231910947,
    "brier": 0.4007216537237177,
    "logloss": 1.0132374222072176,
    "base_rate": 0.46387832699619774,
    "brier_lgbm": 0.4271006504538011,
    "brier_xgb": 0.3638427302746136,
    "brier_lstm": 0.7609223157599552
  },
  "weights": {
    "lgbm": 0.1,
    "xgb": 0.8,
    "lstm": 0.09999999999999998
  },
  "n_ticks_used": 389
}