{
  "trained_at": "2026-05-22T18:39:46.453019+00:00",
  "metrics": {
    "n_train": 4564,
    "n_test": 1136,
    "accuracy": 0.579225352112676,
    "auc": 0.5062153005886824,
    "auc_raw": 0.5062153005886824,
    "flip": false,
    "brier": 0.24477390211283043,
    "logloss": 0.6826655346048611,
    "base_rate": 0.4504820333041192,
    "brier_lgbm": 0.2448851193874599,
    "brier_xgb": 0.2450650656128857,
    "brier_lstm": 0.3586403774252429,
    "tradeable": false,
    "trade_block_reason": "auc < 0.54"
  },
  "weights": {
    "lgbm": 0.6000000000000001,
    "xgb": 0.4,
    "lstm": -1.1102230246251565e-16
  },
  "n_ticks_used": 9388,
  "n_trainable_labels": 5706
}