{
  "trained_at": "2026-05-30T18:26:25.099301+00:00",
  "metrics": {
    "n_train": 6024,
    "n_test": 1500,
    "accuracy": 0.5026666666666667,
    "auc": 0.5290270678696829,
    "auc_raw": 0.5290270678696829,
    "flip": false,
    "brier": 0.25293893716387816,
    "logloss": 0.6991134700050086,
    "base_rate": 0.4392430278884462,
    "brier_lgbm": 0.25293893716387816,
    "brier_xgb": 0.2536611880500008,
    "brier_lstm": 0.3817417356243856,
    "tradeable": false,
    "trade_block_reason": "auc < 0.54"
  },
  "weights": {
    "lgbm": 1.0,
    "xgb": 0.0,
    "lstm": 0.0
  },
  "n_ticks_used": 12308,
  "n_trainable_labels": 7530
}