{
  "trained_at": "2026-07-19T08:11:31.063455+00:00",
  "metrics": {
    "n_train": 13186,
    "n_test": 3291,
    "accuracy": 0.5305378304466728,
    "auc": 0.5330437247526892,
    "auc_raw": 0.5330437247526892,
    "flip": false,
    "brier": 0.24822651797037512,
    "logloss": 0.6895606352315367,
    "base_rate": 0.46867890186561506,
    "brier_lgbm": 0.24883479695311067,
    "brier_xgb": 0.24822651797037512,
    "brier_lstm": 0.3643181638164883,
    "tradeable": false,
    "trade_block_reason": "auc < 0.54"
  },
  "weights": {
    "lgbm": 0.0,
    "xgb": 1.0,
    "lstm": 0.0
  },
  "n_ticks_used": 26540,
  "n_trainable_labels": 16483
}