{
  "trained_at": "2026-05-14T18:40:15.245681+00:00",
  "metrics": {
    "n_train": 2908,
    "n_test": 721,
    "accuracy": 0.550624133148405,
    "auc": 0.5437602551004613,
    "auc_raw": 0.5437602551004613,
    "flip": false,
    "brier": 0.2491217842379531,
    "logloss": 0.6915842985282634,
    "base_rate": 0.46182943603851445,
    "brier_lgbm": 0.25288099236436623,
    "brier_xgb": 0.2543040202639581,
    "brier_lstm": 0.31992969320203135,
    "tradeable": false,
    "trade_block_reason": "brier > 0.245"
  },
  "weights": {
    "lgbm": 0.8,
    "xgb": 0.0,
    "lstm": 0.19999999999999996
  },
  "n_ticks_used": 6123,
  "n_trainable_labels": 3635
}