{
  "trained_at": "2026-05-02T06:42:09.287954+00:00",
  "metrics": {
    "n_train": 367,
    "n_test": 86,
    "accuracy": 0.6511627906976745,
    "auc": 0.7093215664644236,
    "auc_raw": 0.7093215664644236,
    "flip": false,
    "brier": 0.21898990672225924,
    "logloss": 0.6321698343017002,
    "base_rate": 0.4032697547683924,
    "brier_lgbm": 0.2995351472916625,
    "brier_xgb": 0.32280678008035457,
    "brier_lstm": 0.26567196458586867
  },
  "weights": {
    "lgbm": 0.30000000000000004,
    "xgb": 0.1,
    "lstm": 0.6
  },
  "n_ticks_used": 519
}