{
  "trained_at": "2026-07-07T09:35:36.355649+00:00",
  "metrics": {
    "n_train": 11998,
    "n_test": 2994,
    "accuracy": 0.5,
    "auc": 0.5196503033448466,
    "auc_raw": 0.5196503033448466,
    "flip": false,
    "brier": 0.2506188131423092,
    "logloss": 0.6944010978343744,
    "base_rate": 0.4698283047174529,
    "brier_lgbm": 0.27105993338401196,
    "brier_xgb": 0.2506188131423092,
    "brier_lstm": 0.3525725012083275,
    "tradeable": false,
    "trade_block_reason": "auc < 0.54"
  },
  "weights": {
    "lgbm": 0.0,
    "xgb": 1.0,
    "lstm": 0.0
  },
  "n_ticks_used": 24199,
  "n_trainable_labels": 14998
}