{
  "trained_at": "2026-06-11T19:02:58.153003+00:00",
  "metrics": {
    "n_train": 8074,
    "n_test": 2013,
    "accuracy": 0.5221063089915549,
    "auc": 0.5416317371189054,
    "auc_raw": 0.5416317371189054,
    "flip": false,
    "brier": 0.24913292950453483,
    "logloss": 0.6913948009931755,
    "base_rate": 0.45566014367104285,
    "brier_lgbm": 0.2505243472526345,
    "brier_xgb": 0.2554099065882903,
    "brier_lstm": 0.34385657144594345,
    "tradeable": false,
    "trade_block_reason": "brier > 0.245"
  },
  "weights": {
    "lgbm": 0.9,
    "xgb": 0.0,
    "lstm": 0.09999999999999998
  },
  "n_ticks_used": 16369,
  "n_trainable_labels": 10093
}