{
  "trained_at": "2026-06-23T00:45:07.260573+00:00",
  "metrics": {
    "n_train": 9870,
    "n_test": 2462,
    "accuracy": 0.48781478472786355,
    "auc": 0.467797102310035,
    "auc_raw": 0.467797102310035,
    "flip": false,
    "brier": 0.25211623867163724,
    "logloss": 0.6973983181936337,
    "base_rate": 0.46089159067882474,
    "brier_lgbm": 0.252406376066281,
    "brier_xgb": 0.25213579944651704,
    "brier_lstm": 0.35124436932755854,
    "tradeable": false,
    "trade_block_reason": "auc < 0.54"
  },
  "weights": {
    "lgbm": 0.2,
    "xgb": 0.8,
    "lstm": 0.0
  },
  "n_ticks_used": 19963,
  "n_trainable_labels": 12338
}