{
  "trained_at": "2026-05-06T06:57:46.121005+00:00",
  "metrics": {
    "n_train": 978,
    "n_test": 245,
    "accuracy": 0.5387755102040817,
    "auc": 0.5422,
    "auc_raw": 0.5422,
    "flip": false,
    "brier": 0.25442891956747127,
    "logloss": 0.702215747558628,
    "base_rate": 0.48261758691206547,
    "brier_lgbm": 0.25442891956747127,
    "brier_xgb": 0.25664119550963166,
    "tradeable": false,
    "trade_block_reason": "brier > 0.245"
  },
  "weights": {
    "lgbm": 1.0,
    "xgb": 0.0
  },
  "n_ticks_used": 2242,
  "n_trainable_labels": 1223
}