{
  "trained_at": "2026-06-17T13:18:22.485877+00:00",
  "metrics": {
    "n_train": 8958,
    "n_test": 2234,
    "accuracy": 0.517905102954342,
    "auc": 0.5126538143391193,
    "auc_raw": 0.5126538143391193,
    "flip": false,
    "brier": 0.2520888544865303,
    "logloss": 0.6973746116301056,
    "base_rate": 0.4589194016521545,
    "brier_lgbm": 0.25228713973489136,
    "brier_xgb": 0.25256886742811496,
    "brier_lstm": 0.34815917439750194,
    "tradeable": false,
    "trade_block_reason": "auc < 0.54"
  },
  "weights": {
    "lgbm": 0.9,
    "xgb": 0.0,
    "lstm": 0.09999999999999998
  },
  "n_ticks_used": 18158,
  "n_trainable_labels": 11198
}