{
  "trained_at": "2026-05-10T00:38:00.566734+00:00",
  "metrics": {
    "n_train": 1951,
    "n_test": 482,
    "accuracy": 0.5186721991701245,
    "auc": 0.552396551724138,
    "auc_raw": 0.552396551724138,
    "flip": false,
    "brier": 0.2492810279186418,
    "logloss": 0.691658960127824,
    "base_rate": 0.4638646847770374,
    "brier_lgbm": 0.24944200274584905,
    "brier_xgb": 0.24932557885223028,
    "brier_lstm": 0.38991570458519414,
    "tradeable": false,
    "trade_block_reason": "brier > 0.245"
  },
  "weights": {
    "lgbm": 0.30000000000000004,
    "xgb": 0.7000000000000001,
    "lstm": -1.1102230246251565e-16
  },
  "n_ticks_used": 4191,
  "n_trainable_labels": 2439
}