{
  "trained_at": "2026-05-21T13:10:22.604081+00:00",
  "metrics": {
    "n_train": 4311,
    "n_test": 1072,
    "accuracy": 0.6100746268656716,
    "auc": 0.5722477022773025,
    "auc_raw": 0.5722477022773025,
    "flip": false,
    "brier": 0.24230506013300956,
    "logloss": 0.677693765390059,
    "base_rate": 0.4588262584087219,
    "brier_lgbm": 0.24455870485860434,
    "brier_xgb": 0.24230506013300956,
    "brier_lstm": 0.36431744034375474,
    "tradeable": true,
    "trade_block_reason": "ok"
  },
  "weights": {
    "lgbm": 0.0,
    "xgb": 1.0,
    "lstm": 0.0
  },
  "n_ticks_used": 8919,
  "n_trainable_labels": 5389
}