{
  "trained_at": "2026-06-02T07:41:42.459365+00:00",
  "metrics": {
    "n_train": 6554,
    "n_test": 1633,
    "accuracy": 0.5223515003061849,
    "auc": 0.5002778104023056,
    "auc_raw": 0.5002778104023056,
    "flip": false,
    "brier": 0.2502541087019517,
    "logloss": 0.6936741692821409,
    "base_rate": 0.4516325907842539,
    "brier_lgbm": 0.252317419324784,
    "brier_xgb": 0.2502541087019517,
    "brier_lstm": 0.42155035825432413,
    "tradeable": false,
    "trade_block_reason": "auc < 0.54"
  },
  "weights": {
    "lgbm": 0.0,
    "xgb": 1.0,
    "lstm": 0.0
  },
  "n_ticks_used": 13325,
  "n_trainable_labels": 8193
}