{
  "trained_at": "2026-06-09T07:17:31.779834+00:00",
  "metrics": {
    "n_train": 7702,
    "n_test": 1920,
    "accuracy": 0.5109375,
    "auc": 0.5055501249049636,
    "auc_raw": 0.5055501249049636,
    "flip": false,
    "brier": 0.2514860669539187,
    "logloss": 0.6961762034688291,
    "base_rate": 0.45144118410802386,
    "brier_lgbm": 0.25548789193982685,
    "brier_xgb": 0.25163706491012,
    "brier_lstm": 0.3455642265256647,
    "tradeable": false,
    "trade_block_reason": "auc < 0.54"
  },
  "weights": {
    "lgbm": 0.0,
    "xgb": 0.9,
    "lstm": 0.09999999999999998
  },
  "n_ticks_used": 15623,
  "n_trainable_labels": 9628
}