{
  "trained_at": "2026-05-26T07:15:43.019602+00:00",
  "metrics": {
    "n_train": 5327,
    "n_test": 1326,
    "accuracy": 0.5361990950226244,
    "auc": 0.5375137443336769,
    "auc_raw": 0.5375137443336769,
    "flip": false,
    "brier": 0.2481364958227745,
    "logloss": 0.6894407371336502,
    "base_rate": 0.446029660221513,
    "brier_lgbm": 0.2495309406379201,
    "brier_xgb": 0.24891948253146695,
    "brier_lstm": 0.34322297241818706,
    "tradeable": false,
    "trade_block_reason": "auc < 0.54"
  },
  "weights": {
    "lgbm": 0.0,
    "xgb": 0.9,
    "lstm": 0.09999999999999998
  },
  "n_ticks_used": 10924,
  "n_trainable_labels": 6659
}