{
  "trained_at": "2026-06-20T12:39:57.526543+00:00",
  "metrics": {
    "n_train": 9428,
    "n_test": 2351,
    "accuracy": 0.5444491705657167,
    "auc": 0.5572807294487714,
    "auc_raw": 0.5572807294487714,
    "flip": false,
    "brier": 0.24906095167607456,
    "logloss": 0.6913534476536618,
    "base_rate": 0.45873992363173527,
    "brier_lgbm": 0.25211664382789867,
    "brier_xgb": 0.2525347424546134,
    "brier_lstm": 0.3283785359405467,
    "tradeable": false,
    "trade_block_reason": "brier > 0.245"
  },
  "weights": {
    "lgbm": 0.7000000000000001,
    "xgb": 0.1,
    "lstm": 0.19999999999999993
  },
  "n_ticks_used": 19082,
  "n_trainable_labels": 11785
}