{
  "trained_at": "2026-05-29T00:46:57.727111+00:00",
  "metrics": {
    "n_train": 5691,
    "n_test": 1417,
    "accuracy": 0.49611856033874385,
    "auc": 0.5075259498336422,
    "auc_raw": 0.5075259498336422,
    "flip": false,
    "brier": 0.2533401704423379,
    "logloss": 0.6997786410289871,
    "base_rate": 0.4413986997012827,
    "brier_lgbm": 0.25405234111099384,
    "brier_xgb": 0.2533401704423379,
    "brier_lstm": 0.3734553108380587,
    "tradeable": false,
    "trade_block_reason": "auc < 0.54"
  },
  "weights": {
    "lgbm": 0.0,
    "xgb": 1.0,
    "lstm": 0.0
  },
  "n_ticks_used": 11659,
  "n_trainable_labels": 7114
}