{
  "trained_at": "2026-07-20T13:57:58.646359+00:00",
  "metrics": {
    "n_train": 13304,
    "n_test": 3320,
    "accuracy": 0.5331325301204819,
    "auc": 0.5076871929155692,
    "auc_raw": 0.5076871929155692,
    "flip": false,
    "brier": 0.249486273352459,
    "logloss": 0.6921192176618144,
    "base_rate": 0.47151232711966323,
    "brier_lgbm": 0.24962896721475478,
    "brier_xgb": 0.249486273352459,
    "brier_lstm": 0.35633487170911254,
    "tradeable": false,
    "trade_block_reason": "auc < 0.54"
  },
  "weights": {
    "lgbm": 0.0,
    "xgb": 1.0,
    "lstm": 0.0
  },
  "n_ticks_used": 26779,
  "n_trainable_labels": 16630
}