{
  "trained_at": "2026-04-30T00:37:12.193391+00:00",
  "metrics": {
    "n_train": 301,
    "n_test": 70,
    "accuracy": 0.5571428571428572,
    "auc": 0.8233151183970856,
    "auc_raw": 0.8233151183970856,
    "flip": false,
    "brier": 0.24122439571476545,
    "logloss": 0.6753508314332328,
    "base_rate": 0.46179401993355484,
    "brier_lgbm": 0.2671117100496679,
    "brier_xgb": 0.22172180027308194,
    "brier_lstm": 0.520440788657596
  },
  "weights": {
    "lgbm": 0.1,
    "xgb": 0.8,
    "lstm": 0.09999999999999998
  },
  "n_ticks_used": 437
}