{
  "trained_at": "2026-05-28T13:16:55.756674+00:00",
  "metrics": {
    "n_train": 5616,
    "n_test": 1399,
    "accuracy": 0.5089349535382416,
    "auc": 0.505241688136425,
    "auc_raw": 0.505241688136425,
    "flip": false,
    "brier": 0.25194930479530536,
    "logloss": 0.6970804279536239,
    "base_rate": 0.44373219373219375,
    "brier_lgbm": 0.25194930479530536,
    "brier_xgb": 0.25239725816810027,
    "brier_lstm": 0.36590996485154065,
    "tradeable": false,
    "trade_block_reason": "auc < 0.54"
  },
  "weights": {
    "lgbm": 1.0,
    "xgb": 0.0,
    "lstm": 0.0
  },
  "n_ticks_used": 11506,
  "n_trainable_labels": 7021
}