{
  "trained_at": "2026-06-06T12:30:17.656478+00:00",
  "metrics": {
    "n_train": 7168,
    "n_test": 1786,
    "accuracy": 0.5190369540873461,
    "auc": 0.5000031406837897,
    "auc_raw": 0.5000031406837897,
    "flip": false,
    "brier": 0.25107092216024646,
    "logloss": 0.695366331315468,
    "base_rate": 0.45396205357142855,
    "brier_lgbm": 0.2518334585850901,
    "brier_xgb": 0.25288936476615603,
    "brier_lstm": 0.34520277904990165,
    "tradeable": false,
    "trade_block_reason": "auc < 0.54"
  },
  "weights": {
    "lgbm": 0.9,
    "xgb": 0.0,
    "lstm": 0.09999999999999998
  },
  "n_ticks_used": 14553,
  "n_trainable_labels": 8960
}