{
  "trained_at": "2026-06-21T00:49:50.179628+00:00",
  "metrics": {
    "n_train": 9570,
    "n_test": 2387,
    "accuracy": 0.4775869291998324,
    "auc": 0.49059284870973185,
    "auc_raw": 0.49059284870973185,
    "flip": false,
    "brier": 0.25303045390049195,
    "logloss": 0.6992305417172403,
    "base_rate": 0.4589341692789969,
    "brier_lgbm": 0.25303045390049195,
    "brier_xgb": 0.25345005542629884,
    "brier_lstm": 0.35673865138983524,
    "tradeable": false,
    "trade_block_reason": "auc < 0.54"
  },
  "weights": {
    "lgbm": 1.0,
    "xgb": 0.0,
    "lstm": 0.0
  },
  "n_ticks_used": 19360,
  "n_trainable_labels": 11963
}