{
  "trained_at": "2026-06-24T00:40:18.076370+00:00",
  "metrics": {
    "n_train": 10076,
    "n_test": 2513,
    "accuracy": 0.4982093115797851,
    "auc": 0.4795523327772014,
    "auc_raw": 0.4795523327772014,
    "flip": false,
    "brier": 0.25161808172717703,
    "logloss": 0.6963929334105806,
    "base_rate": 0.45990472409686384,
    "brier_lgbm": 0.25286023478843817,
    "brier_xgb": 0.25161808172717703,
    "brier_lstm": 0.3590400413456069,
    "tradeable": false,
    "trade_block_reason": "auc < 0.54"
  },
  "weights": {
    "lgbm": 0.0,
    "xgb": 1.0,
    "lstm": 0.0
  },
  "n_ticks_used": 20346,
  "n_trainable_labels": 12595
}