{
  "trained_at": "2026-04-27T19:07:11.347742+00:00",
  "metrics": {
    "n_train": 234,
    "n_test": 53,
    "accuracy": 0.660377358490566,
    "auc": 0.19230769230769232,
    "brier": 0.24268025622412717,
    "logloss": 0.6789833896642014,
    "base_rate": 0.3974358974358974,
    "brier_lgbm": 0.24193553504679696,
    "brier_xgb": 0.22749624504044708,
    "brier_lstm": 0.5319361747675524
  },
  "weights": {
    "lgbm": 0.1,
    "xgb": 0.8,
    "lstm": 0.09999999999999998
  },
  "n_ticks_used": 353
}