{
  "trained_at": "2026-05-26T00:42:28.504440+00:00",
  "metrics": {
    "n_train": 5293,
    "n_test": 1318,
    "accuracy": 0.5311077389984825,
    "auc": 0.5268203883495146,
    "auc_raw": 0.5268203883495146,
    "flip": false,
    "brier": 0.24950342010601306,
    "logloss": 0.6921602179326416,
    "base_rate": 0.44511619119591916,
    "brier_lgbm": 0.2502220042538262,
    "brier_xgb": 0.24950342010601306,
    "brier_lstm": 0.37876910748743914,
    "tradeable": false,
    "trade_block_reason": "auc < 0.54"
  },
  "weights": {
    "lgbm": 0.0,
    "xgb": 1.0,
    "lstm": 0.0
  },
  "n_ticks_used": 10860,
  "n_trainable_labels": 6617
}