{
  "trained_at": "2026-05-03T18:21:00.618457+00:00",
  "metrics": {
    "n_train": 428,
    "n_test": 107,
    "accuracy": 0.4392523364485981,
    "auc": 0.46708683473389356,
    "auc_raw": 0.46708683473389356,
    "flip": false,
    "brier": 0.25824303701045415,
    "logloss": 0.7096855018867608,
    "base_rate": 0.5163551401869159,
    "brier_lgbm": 0.25824303701045415,
    "brier_xgb": 0.26274614366712357,
    "tradeable": false,
    "trade_block_reason": "auc < 0.54"
  },
  "weights": {
    "lgbm": 1.0,
    "xgb": 0.0
  },
  "n_ticks_used": 1131,
  "n_trainable_labels": 535
}