{
  "trained_at": "2026-06-10T18:56:23.453456+00:00",
  "metrics": {
    "n_train": 7940,
    "n_test": 1980,
    "accuracy": 0.5525252525252525,
    "auc": 0.5798413165454984,
    "auc_raw": 0.5798413165454984,
    "flip": false,
    "brier": 0.24599666577552357,
    "logloss": 0.6853716723688513,
    "base_rate": 0.45692695214105794,
    "brier_lgbm": 0.2520163479129223,
    "brier_xgb": 0.2528865851353407,
    "brier_lstm": 0.30994179911940123,
    "tradeable": false,
    "trade_block_reason": "brier > 0.245"
  },
  "weights": {
    "lgbm": 0.7000000000000001,
    "xgb": 0.1,
    "lstm": 0.19999999999999993
  },
  "n_ticks_used": 16096,
  "n_trainable_labels": 9926
}