{
  "trained_at": "2026-07-14T02:03:03.355007+00:00",
  "metrics": {
    "n_train": 12608,
    "n_test": 3147,
    "accuracy": 0.540514775977121,
    "auc": 0.5479817689902982,
    "auc_raw": 0.5479817689902982,
    "flip": false,
    "brier": 0.24804633271866108,
    "logloss": 0.6891861657114805,
    "base_rate": 0.46890862944162437,
    "brier_lgbm": 0.2528845399284891,
    "brier_xgb": 0.24972303409559907,
    "brier_lstm": 0.33519632442245817,
    "tradeable": false,
    "trade_block_reason": "brier > 0.245"
  },
  "weights": {
    "lgbm": 0.0,
    "xgb": 0.9,
    "lstm": 0.09999999999999998
  },
  "n_ticks_used": 25423,
  "n_trainable_labels": 15761
}