{
  "trained_at": "2026-05-31T07:21:45.621088+00:00",
  "metrics": {
    "n_train": 6174,
    "n_test": 1538,
    "accuracy": 0.4850455136540962,
    "auc": 0.5004303697290278,
    "auc_raw": 0.5004303697290278,
    "flip": false,
    "brier": 0.2552345844617715,
    "logloss": 0.7036842784355855,
    "base_rate": 0.44007126660187884,
    "brier_lgbm": 0.255336841993376,
    "brier_xgb": 0.2555156479801634,
    "brier_lstm": 0.40615013930621846,
    "tradeable": false,
    "trade_block_reason": "auc < 0.54"
  },
  "weights": {
    "lgbm": 0.6000000000000001,
    "xgb": 0.4,
    "lstm": -1.1102230246251565e-16
  },
  "n_ticks_used": 12585,
  "n_trainable_labels": 7718
}