{
  "trained_at": "2026-05-15T07:09:45.147851+00:00",
  "metrics": {
    "n_train": 3006,
    "n_test": 746,
    "accuracy": 0.5254691689008043,
    "auc": 0.5481646739444348,
    "auc_raw": 0.5481646739444348,
    "flip": false,
    "brier": 0.24727323606904827,
    "logloss": 0.6876653459108738,
    "base_rate": 0.4590818363273453,
    "brier_lgbm": 0.2505572324343924,
    "brier_xgb": 0.24977853750392104,
    "brier_lstm": 0.33765869325100234,
    "tradeable": false,
    "trade_block_reason": "brier > 0.245"
  },
  "weights": {
    "lgbm": 0.0,
    "xgb": 0.9,
    "lstm": 0.09999999999999998
  },
  "n_ticks_used": 6320,
  "n_trainable_labels": 3758
}