{
  "trained_at": "2026-07-16T08:07:00.906691+00:00",
  "metrics": {
    "n_train": 12871,
    "n_test": 3212,
    "accuracy": 0.5143212951432129,
    "auc": 0.5393536207303586,
    "auc_raw": 0.5393536207303586,
    "flip": false,
    "brier": 0.248664815599224,
    "logloss": 0.6904318444708781,
    "base_rate": 0.4686504545101391,
    "brier_lgbm": 0.24939883404248775,
    "brier_xgb": 0.24960975953419284,
    "brier_lstm": 0.34258653274748246,
    "tradeable": false,
    "trade_block_reason": "auc < 0.54"
  },
  "weights": {
    "lgbm": 0.9,
    "xgb": 0.0,
    "lstm": 0.09999999999999998
  },
  "n_ticks_used": 25917,
  "n_trainable_labels": 16089
}