{
  "trained_at": "2026-06-04T07:41:33.854339+00:00",
  "metrics": {
    "n_train": 6751,
    "n_test": 1682,
    "accuracy": 0.5077288941736029,
    "auc": 0.49988591269841265,
    "auc_raw": 0.49988591269841265,
    "flip": false,
    "brier": 0.25089091324187796,
    "logloss": 0.6948848586128016,
    "base_rate": 0.45222929936305734,
    "brier_lgbm": 0.25138202328425546,
    "brier_xgb": 0.25092753215775276,
    "brier_lstm": 0.38760026081178967,
    "tradeable": false,
    "trade_block_reason": "auc < 0.54"
  },
  "weights": {
    "lgbm": 0.2,
    "xgb": 0.8,
    "lstm": 0.0
  },
  "n_ticks_used": 13750,
  "n_trainable_labels": 8439
}