{
  "trained_at": "2026-06-30T18:40:28.242284+00:00",
  "metrics": {
    "n_train": 11423,
    "n_test": 2850,
    "accuracy": 0.48175438596491227,
    "auc": 0.5382571609051833,
    "auc_raw": 0.5382571609051833,
    "flip": false,
    "brier": 0.249726363289133,
    "logloss": 0.6925997334328591,
    "base_rate": 0.46528932854766697,
    "brier_lgbm": 0.24981669701494666,
    "brier_xgb": 0.249726363289133,
    "brier_lstm": 0.3670175190733557,
    "tradeable": false,
    "trade_block_reason": "auc < 0.54"
  },
  "weights": {
    "lgbm": 0.0,
    "xgb": 1.0,
    "lstm": 0.0
  },
  "n_ticks_used": 22982,
  "n_trainable_labels": 14279
}