{
  "trained_at": "2026-06-04T13:06:54.720109+00:00",
  "metrics": {
    "n_train": 6772,
    "n_test": 1687,
    "accuracy": 0.5151155898043864,
    "auc": 0.521920481282669,
    "auc_raw": 0.521920481282669,
    "flip": false,
    "brier": 0.24931909546376507,
    "logloss": 0.691731870235399,
    "base_rate": 0.4539279385705848,
    "brier_lgbm": 0.24931909546376507,
    "brier_xgb": 0.2507971456706787,
    "brier_lstm": 0.36154426171449944,
    "tradeable": false,
    "trade_block_reason": "auc < 0.54"
  },
  "weights": {
    "lgbm": 1.0,
    "xgb": 0.0,
    "lstm": 0.0
  },
  "n_ticks_used": 13793,
  "n_trainable_labels": 8465
}