{
  "trained_at": "2026-07-16T19:05:07.828273+00:00",
  "metrics": {
    "n_train": 12912,
    "n_test": 3222,
    "accuracy": 0.5180012414649287,
    "auc": 0.5287576144203009,
    "auc_raw": 0.5287576144203009,
    "flip": false,
    "brier": 0.24932820710296932,
    "logloss": 0.6917876004241932,
    "base_rate": 0.4679368029739777,
    "brier_lgbm": 0.24932831244172526,
    "brier_xgb": 0.2494319362872647,
    "brier_lstm": 0.354508966576468,
    "tradeable": false,
    "trade_block_reason": "auc < 0.54"
  },
  "weights": {
    "lgbm": 0.9,
    "xgb": 0.1,
    "lstm": -2.7755575615628914e-17
  },
  "n_ticks_used": 26001,
  "n_trainable_labels": 16140
}