{
  "trained_at": "2026-07-04T02:30:36.844502+00:00",
  "metrics": {
    "n_train": 11778,
    "n_test": 2939,
    "accuracy": 0.49676760802994213,
    "auc": 0.5137895603282813,
    "auc_raw": 0.5137895603282813,
    "flip": false,
    "brier": 0.2583889946470222,
    "logloss": 0.7107794810265914,
    "base_rate": 0.4688402105620649,
    "brier_lgbm": 0.2760154963498388,
    "brier_xgb": 0.25884916313522127,
    "brier_lstm": 0.366417005178891,
    "tradeable": false,
    "trade_block_reason": "auc < 0.54"
  },
  "weights": {
    "lgbm": 0.0,
    "xgb": 0.9,
    "lstm": 0.09999999999999998
  },
  "n_ticks_used": 23728,
  "n_trainable_labels": 14723
}