{
  "trained_at": "2026-05-17T07:00:57.065665+00:00",
  "metrics": {
    "n_train": 3540,
    "n_test": 879,
    "accuracy": 0.5676905574516496,
    "auc": 0.4689137027846705,
    "auc_raw": 0.4689137027846705,
    "flip": false,
    "brier": 0.247326297442755,
    "logloss": 0.687833772149045,
    "base_rate": 0.461864406779661,
    "brier_lgbm": 0.24872354986518325,
    "brier_xgb": 0.247326297442755,
    "brier_lstm": 0.3658717026615662,
    "tradeable": false,
    "trade_block_reason": "auc < 0.54"
  },
  "weights": {
    "lgbm": 0.0,
    "xgb": 1.0,
    "lstm": 0.0
  },
  "n_ticks_used": 7362,
  "n_trainable_labels": 4425
}