{
  "trained_at": "2026-07-06T10:11:08.022870+00:00",
  "metrics": {
    "n_train": 11943,
    "n_test": 2980,
    "accuracy": 0.5231543624161074,
    "auc": 0.5182823359631252,
    "auc_raw": 0.5182823359631252,
    "flip": false,
    "brier": 0.2535756149363728,
    "logloss": 0.7006089881850974,
    "base_rate": 0.47031734070166625,
    "brier_lgbm": 0.2739033697542245,
    "brier_xgb": 0.2535756149363728,
    "brier_lstm": 0.3503793660695248,
    "tradeable": false,
    "trade_block_reason": "auc < 0.54"
  },
  "weights": {
    "lgbm": 0.0,
    "xgb": 1.0,
    "lstm": 0.0
  },
  "n_ticks_used": 24083,
  "n_trainable_labels": 14929
}