{
  "trained_at": "2026-07-02T19:20:25.380389+00:00",
  "metrics": {
    "n_train": 11672,
    "n_test": 2913,
    "accuracy": 0.4802608994164092,
    "auc": 0.5111689785314703,
    "auc_raw": 0.5111689785314703,
    "flip": false,
    "brier": 0.260777919798569,
    "logloss": 0.7155213219971248,
    "base_rate": 0.4680431802604524,
    "brier_lgbm": 0.2660313323016915,
    "brier_xgb": 0.2616851280504972,
    "brier_lstm": 0.36351791128570665,
    "tradeable": false,
    "trade_block_reason": "auc < 0.54"
  },
  "weights": {
    "lgbm": 0.0,
    "xgb": 0.9,
    "lstm": 0.09999999999999998
  },
  "n_ticks_used": 23512,
  "n_trainable_labels": 14591
}