{
  "trained_at": "2026-05-23T06:57:49.191540+00:00",
  "metrics": {
    "n_train": 4670,
    "n_test": 1162,
    "accuracy": 0.576592082616179,
    "auc": 0.5493004981277902,
    "auc_raw": 0.5493004981277902,
    "flip": false,
    "brier": 0.24153999409821073,
    "logloss": 0.6760235973283452,
    "base_rate": 0.4481798715203426,
    "brier_lgbm": 0.24444132353217257,
    "brier_xgb": 0.24451716157535047,
    "brier_lstm": 0.3235218237546305,
    "tradeable": true,
    "trade_block_reason": "ok"
  },
  "weights": {
    "lgbm": 0.1,
    "xgb": 0.7000000000000001,
    "lstm": 0.19999999999999996
  },
  "n_ticks_used": 9599,
  "n_trainable_labels": 5838
}