{
  "trained_at": "2026-06-25T12:51:28.907428+00:00",
  "metrics": {
    "n_train": 10307,
    "n_test": 2571,
    "accuracy": 0.5079735511474135,
    "auc": 0.48258034255280524,
    "auc_raw": 0.48258034255280524,
    "flip": false,
    "brier": 0.25059435185908147,
    "logloss": 0.6943303456968117,
    "base_rate": 0.46182206267585135,
    "brier_lgbm": 0.25128558279615787,
    "brier_xgb": 0.25059435185908147,
    "brier_lstm": 0.3595905109084708,
    "tradeable": false,
    "trade_block_reason": "auc < 0.54"
  },
  "weights": {
    "lgbm": 0.0,
    "xgb": 1.0,
    "lstm": 0.0
  },
  "n_ticks_used": 20823,
  "n_trainable_labels": 12884
}