{
  "trained_at": "2026-06-09T18:47:10.696503+00:00",
  "metrics": {
    "n_train": 7802,
    "n_test": 1945,
    "accuracy": 0.5336760925449872,
    "auc": 0.532637799692238,
    "auc_raw": 0.532637799692238,
    "flip": false,
    "brier": 0.2509061773813789,
    "logloss": 0.6953102224751078,
    "base_rate": 0.4543706741861061,
    "brier_lgbm": 0.25721360333597326,
    "brier_xgb": 0.2522935251523426,
    "brier_lstm": 0.3327032353623494,
    "tradeable": false,
    "trade_block_reason": "auc < 0.54"
  },
  "weights": {
    "lgbm": 0.0,
    "xgb": 0.9,
    "lstm": 0.09999999999999998
  },
  "n_ticks_used": 15804,
  "n_trainable_labels": 9753
}