{
  "trained_at": "2026-05-08T06:39:18.740221+00:00",
  "metrics": {
    "n_train": 1407,
    "n_test": 352,
    "accuracy": 0.5454545454545454,
    "auc": 0.561816103217377,
    "auc_raw": 0.4381838967826229,
    "flip": true,
    "brier": 0.24843149702327424,
    "logloss": 0.6900096591545016,
    "base_rate": 0.464818763326226,
    "brier_lgbm": 0.25841510796828165,
    "brier_xgb": 0.24843149702327424,
    "tradeable": false,
    "trade_block_reason": "brier > 0.245"
  },
  "weights": {
    "lgbm": 0.0,
    "xgb": 1.0
  },
  "n_ticks_used": 3108,
  "n_trainable_labels": 1759
}