{
  "trained_at": "2026-07-15T08:01:34.796380+00:00",
  "metrics": {
    "n_train": 12740,
    "n_test": 3180,
    "accuracy": 0.5069182389937107,
    "auc": 0.5183450378393605,
    "auc_raw": 0.5183450378393605,
    "flip": false,
    "brier": 0.25056674891154374,
    "logloss": 0.6942897188493975,
    "base_rate": 0.46585557299843017,
    "brier_lgbm": 0.2511121870008536,
    "brier_xgb": 0.25056674891154374,
    "brier_lstm": 0.3636330674710238,
    "tradeable": false,
    "trade_block_reason": "auc < 0.54"
  },
  "weights": {
    "lgbm": 0.0,
    "xgb": 1.0,
    "lstm": 0.0
  },
  "n_ticks_used": 25676,
  "n_trainable_labels": 15926
}