{
  "trained_at": "2026-05-30T07:03:35.225631+00:00",
  "metrics": {
    "n_train": 5858,
    "n_test": 1459,
    "accuracy": 0.48115147361206306,
    "auc": 0.5236370507127305,
    "auc_raw": 0.5236370507127305,
    "flip": false,
    "brier": 0.2559575814845492,
    "logloss": 0.7051455243152251,
    "base_rate": 0.4390576988733356,
    "brier_lgbm": 0.2559575814845492,
    "brier_xgb": 0.2574952902012378,
    "brier_lstm": 0.39230729504216233,
    "tradeable": false,
    "trade_block_reason": "auc < 0.54"
  },
  "weights": {
    "lgbm": 1.0,
    "xgb": 0.0,
    "lstm": 0.0
  },
  "n_ticks_used": 12005,
  "n_trainable_labels": 7323
}