{
  "trained_at": "2026-07-14T19:14:14.442675+00:00",
  "metrics": {
    "n_train": 12662,
    "n_test": 3160,
    "accuracy": 0.5183544303797468,
    "auc": 0.5281864351540617,
    "auc_raw": 0.5281864351540617,
    "flip": false,
    "brier": 0.24959880717359706,
    "logloss": 0.6923013992950457,
    "base_rate": 0.4677776022745222,
    "brier_lgbm": 0.25280948971893585,
    "brier_xgb": 0.24983854130844035,
    "brier_lstm": 0.3405412078944049,
    "tradeable": false,
    "trade_block_reason": "auc < 0.54"
  },
  "weights": {
    "lgbm": 0.0,
    "xgb": 0.9,
    "lstm": 0.09999999999999998
  },
  "n_ticks_used": 25536,
  "n_trainable_labels": 15828
}