{
  "trained_at": "2026-05-07T07:02:30.134784+00:00",
  "metrics": {
    "n_train": 1230,
    "n_test": 308,
    "accuracy": 0.6753246753246753,
    "auc": 0.5322190898107129,
    "auc_raw": 0.5322190898107129,
    "flip": false,
    "brier": 0.2439778821521293,
    "logloss": 0.6813024939980566,
    "base_rate": 0.4869918699186992,
    "brier_lgbm": 0.2439778821521293,
    "brier_xgb": 0.2585814255175971,
    "tradeable": false,
    "trade_block_reason": "auc < 0.54"
  },
  "weights": {
    "lgbm": 1.0,
    "xgb": 0.0
  },
  "n_ticks_used": 2720,
  "n_trainable_labels": 1538
}