{
  "trained_at": "2026-07-17T19:04:07.615605+00:00",
  "metrics": {
    "n_train": 13008,
    "n_test": 3246,
    "accuracy": 0.5138632162661737,
    "auc": 0.5018323124482135,
    "auc_raw": 0.5018323124482135,
    "flip": false,
    "brier": 0.24941659388126228,
    "logloss": 0.6919205351922438,
    "base_rate": 0.4683271832718327,
    "brier_lgbm": 0.24996514372798245,
    "brier_xgb": 0.24941659388126228,
    "brier_lstm": 0.3513947827362824,
    "tradeable": false,
    "trade_block_reason": "auc < 0.54"
  },
  "weights": {
    "lgbm": 0.0,
    "xgb": 1.0,
    "lstm": 0.0
  },
  "n_ticks_used": 26196,
  "n_trainable_labels": 16260
}