{
  "trained_at": "2026-06-21T18:35:22.574715+00:00",
  "metrics": {
    "n_train": 9691,
    "n_test": 2417,
    "accuracy": 0.47745138601572196,
    "auc": 0.486525176742568,
    "auc_raw": 0.486525176742568,
    "flip": false,
    "brier": 0.2534801251235522,
    "logloss": 0.7001541132009927,
    "base_rate": 0.4591889381900733,
    "brier_lgbm": 0.25366155894547304,
    "brier_xgb": 0.25354934436816795,
    "brier_lstm": 0.34552665815223305,
    "tradeable": false,
    "trade_block_reason": "auc < 0.54"
  },
  "weights": {
    "lgbm": 0.4,
    "xgb": 0.6000000000000001,
    "lstm": -1.1102230246251565e-16
  },
  "n_ticks_used": 19603,
  "n_trainable_labels": 12114
}