{
  "trained_at": "2026-07-05T13:23:37.723460+00:00",
  "metrics": {
    "n_train": 11880,
    "n_test": 2964,
    "accuracy": 0.48279352226720645,
    "auc": 0.5147942249302525,
    "auc_raw": 0.5147942249302525,
    "flip": false,
    "brier": 0.2646167617694255,
    "logloss": 0.723885505259739,
    "base_rate": 0.46936026936026937,
    "brier_lgbm": 0.27075583644295576,
    "brier_xgb": 0.2678771655473309,
    "brier_lstm": 0.354824420421891,
    "tradeable": false,
    "trade_block_reason": "auc < 0.54"
  },
  "weights": {
    "lgbm": 0.0,
    "xgb": 0.8,
    "lstm": 0.19999999999999996
  },
  "n_ticks_used": 23955,
  "n_trainable_labels": 14850
}