{
  "trained_at": "2026-06-27T07:08:03.774877+00:00",
  "metrics": {
    "n_train": 10654,
    "n_test": 2658,
    "accuracy": 0.5060195635816404,
    "auc": 0.4994806768143872,
    "auc_raw": 0.4994806768143872,
    "flip": false,
    "brier": 0.25273613482729995,
    "logloss": 0.6987448205912883,
    "base_rate": 0.4675239346724235,
    "brier_lgbm": 0.25382511636568034,
    "brier_xgb": 0.2583270831739562,
    "brier_lstm": 0.3486009743547703,
    "tradeable": false,
    "trade_block_reason": "auc < 0.54"
  },
  "weights": {
    "lgbm": 0.9,
    "xgb": 0.0,
    "lstm": 0.09999999999999998
  },
  "n_ticks_used": 21498,
  "n_trainable_labels": 13318
}