{
  "trained_at": "2026-06-22T00:49:20.819061+00:00",
  "metrics": {
    "n_train": 9775,
    "n_test": 2438,
    "accuracy": 0.49056603773584906,
    "auc": 0.453907095440376,
    "auc_raw": 0.453907095440376,
    "flip": false,
    "brier": 0.25230180373128014,
    "logloss": 0.6977628712899666,
    "base_rate": 0.461381074168798,
    "brier_lgbm": 0.25237589064367694,
    "brier_xgb": 0.2525982550326186,
    "brier_lstm": 0.3516026374453218,
    "tradeable": false,
    "trade_block_reason": "auc < 0.54"
  },
  "weights": {
    "lgbm": 0.7000000000000001,
    "xgb": 0.30000000000000004,
    "lstm": -1.1102230246251565e-16
  },
  "n_ticks_used": 19759,
  "n_trainable_labels": 12219
}