{
  "trained_at": "2026-04-29T00:37:15.379991+00:00",
  "metrics": {
    "n_train": 272,
    "n_test": 63,
    "accuracy": 0.14285714285714285,
    "auc": 0.9111111111111111,
    "brier": 0.33653372164501894,
    "logloss": 0.8699044405425476,
    "base_rate": 0.48161764705882354,
    "brier_lgbm": 0.28281095038032017,
    "brier_xgb": 0.39254373883679416,
    "brier_lstm": 0.8728498882429803
  },
  "weights": {
    "lgbm": 0.8,
    "xgb": 0.1,
    "lstm": 0.09999999999999995
  },
  "n_ticks_used": 401
}