{
  "trained_at": "2026-06-20T07:23:16.353318+00:00",
  "metrics": {
    "n_train": 9396,
    "n_test": 2343,
    "accuracy": 0.4839948783610755,
    "auc": 0.48113298323677,
    "auc_raw": 0.48113298323677,
    "flip": false,
    "brier": 0.2527442742072832,
    "logloss": 0.6986629409801197,
    "base_rate": 0.45849297573435505,
    "brier_lgbm": 0.2527442742072832,
    "brier_xgb": 0.25335889121244376,
    "brier_lstm": 0.3687783432714073,
    "tradeable": false,
    "trade_block_reason": "auc < 0.54"
  },
  "weights": {
    "lgbm": 1.0,
    "xgb": 0.0,
    "lstm": 0.0
  },
  "n_ticks_used": 19016,
  "n_trainable_labels": 11745
}