{
  "trained_at": "2026-06-07T12:35:47.470059+00:00",
  "metrics": {
    "n_train": 7381,
    "n_test": 1840,
    "accuracy": 0.5163043478260869,
    "auc": 0.5419966973275797,
    "auc_raw": 0.5419966973275797,
    "flip": false,
    "brier": 0.25017459421512483,
    "logloss": 0.6935487880320119,
    "base_rate": 0.4508874136295895,
    "brier_lgbm": 0.252116171095602,
    "brier_xgb": 0.2544294948891746,
    "brier_lstm": 0.3353454199448472,
    "tradeable": false,
    "trade_block_reason": "brier > 0.245"
  },
  "weights": {
    "lgbm": 0.9,
    "xgb": 0.0,
    "lstm": 0.09999999999999998
  },
  "n_ticks_used": 14990,
  "n_trainable_labels": 9227
}