{
  "trained_at": "2026-06-16T13:48:54.942557+00:00",
  "metrics": {
    "n_train": 8855,
    "n_test": 2208,
    "accuracy": 0.5040760869565217,
    "auc": 0.49937947948506645,
    "auc_raw": 0.49937947948506645,
    "flip": false,
    "brier": 0.25104436825483506,
    "logloss": 0.6952437161847257,
    "base_rate": 0.4608695652173913,
    "brier_lgbm": 0.2523440234387514,
    "brier_xgb": 0.25104436825483506,
    "brier_lstm": 0.36770189206591003,
    "tradeable": false,
    "trade_block_reason": "auc < 0.54"
  },
  "weights": {
    "lgbm": 0.0,
    "xgb": 1.0,
    "lstm": 0.0
  },
  "n_ticks_used": 17932,
  "n_trainable_labels": 11069
}