{
  "trained_at": "2026-06-13T00:49:48.889157+00:00",
  "metrics": {
    "n_train": 8288,
    "n_test": 2066,
    "accuracy": 0.515972894482091,
    "auc": 0.5038497599759976,
    "auc_raw": 0.5038497599759976,
    "flip": false,
    "brier": 0.25012439915527057,
    "logloss": 0.693394236470395,
    "base_rate": 0.4563223938223938,
    "brier_lgbm": 0.2509256067368945,
    "brier_xgb": 0.2502008944358557,
    "brier_lstm": 0.3578338154146196,
    "tradeable": false,
    "trade_block_reason": "auc < 0.54"
  },
  "weights": {
    "lgbm": 0.2,
    "xgb": 0.8,
    "lstm": 0.0
  },
  "n_ticks_used": 16779,
  "n_trainable_labels": 10360
}