{
  "trained_at": "2026-07-07T02:40:44.664599+00:00",
  "metrics": {
    "n_train": 11991,
    "n_test": 2992,
    "accuracy": 0.4913101604278075,
    "auc": 0.5008024438020513,
    "auc_raw": 0.5008024438020513,
    "flip": false,
    "brier": 0.25819485820150173,
    "logloss": 0.7101295342823501,
    "base_rate": 0.4701025769326995,
    "brier_lgbm": 0.2582872992630574,
    "brier_xgb": 0.26120447728487983,
    "brier_lstm": 0.370483550007745,
    "tradeable": false,
    "trade_block_reason": "auc < 0.54"
  },
  "weights": {
    "lgbm": 0.8,
    "xgb": 0.1,
    "lstm": 0.09999999999999995
  },
  "n_ticks_used": 24179,
  "n_trainable_labels": 14989
}