{
  "trained_at": "2026-06-07T07:26:58.990420+00:00",
  "metrics": {
    "n_train": 7353,
    "n_test": 1833,
    "accuracy": 0.5313693398799781,
    "auc": 0.5334625338405944,
    "auc_raw": 0.5334625338405944,
    "flip": false,
    "brier": 0.249766784051884,
    "logloss": 0.6927637123308684,
    "base_rate": 0.452468380252958,
    "brier_lgbm": 0.25127269241111266,
    "brier_xgb": 0.2546945064733235,
    "brier_lstm": 0.34999970140142567,
    "tradeable": false,
    "trade_block_reason": "auc < 0.54"
  },
  "weights": {
    "lgbm": 0.9,
    "xgb": 0.0,
    "lstm": 0.09999999999999998
  },
  "n_ticks_used": 14932,
  "n_trainable_labels": 9192
}