{
  "trained_at": "2026-07-05T19:11:42.711760+00:00",
  "metrics": {
    "n_train": 11912,
    "n_test": 2972,
    "accuracy": 0.49158815612382234,
    "auc": 0.5153351311106269,
    "auc_raw": 0.5153351311106269,
    "flip": false,
    "brier": 0.2593909557608685,
    "logloss": 0.7127606298436278,
    "base_rate": 0.46969442578912024,
    "brier_lgbm": 0.2736780875176397,
    "brier_xgb": 0.2598991636488567,
    "brier_lstm": 0.3688650739681953,
    "tradeable": false,
    "trade_block_reason": "auc < 0.54"
  },
  "weights": {
    "lgbm": 0.0,
    "xgb": 0.9,
    "lstm": 0.09999999999999998
  },
  "n_ticks_used": 24021,
  "n_trainable_labels": 14890
}