{
  "trained_at": "2026-05-05T12:30:07.627436+00:00",
  "metrics": {
    "n_train": 835,
    "n_test": 209,
    "accuracy": 0.5885167464114832,
    "auc": 0.5971814445096888,
    "auc_raw": 0.40281855549031126,
    "flip": true,
    "brier": 0.2373609502279173,
    "logloss": 0.6675230146410426,
    "base_rate": 0.49580838323353293,
    "brier_lgbm": 0.2373609502279173,
    "brier_xgb": 0.23155491457434424,
    "tradeable": true,
    "trade_block_reason": "ok"
  },
  "weights": {
    "lgbm": 1.0,
    "xgb": 0.0
  },
  "n_ticks_used": 1939,
  "n_trainable_labels": 1044
}