{
  "trained_at": "2026-06-17T18:52:54.485230+00:00",
  "metrics": {
    "n_train": 8986,
    "n_test": 2241,
    "accuracy": 0.502900490852298,
    "auc": 0.49798632582156643,
    "auc_raw": 0.49798632582156643,
    "flip": false,
    "brier": 0.2537829423164671,
    "logloss": 0.7008164171103292,
    "base_rate": 0.4586022701980859,
    "brier_lgbm": 0.2538889718100377,
    "brier_xgb": 0.25452574568879033,
    "brier_lstm": 0.35064924494911515,
    "tradeable": false,
    "trade_block_reason": "auc < 0.54"
  },
  "weights": {
    "lgbm": 0.9,
    "xgb": 0.0,
    "lstm": 0.09999999999999998
  },
  "n_ticks_used": 18220,
  "n_trainable_labels": 11233
}