{
  "trained_at": "2026-05-22T07:16:15.075930+00:00",
  "metrics": {
    "n_train": 4469,
    "n_test": 1112,
    "accuracy": 0.560251798561151,
    "auc": 0.4579066931698599,
    "auc_raw": 0.4579066931698599,
    "flip": false,
    "brier": 0.24749131376250283,
    "logloss": 0.6881821568484715,
    "base_rate": 0.454240322219736,
    "brier_lgbm": 0.24749792986484265,
    "brier_xgb": 0.24805755720090564,
    "brier_lstm": 0.3775564758271404,
    "tradeable": false,
    "trade_block_reason": "auc < 0.54"
  },
  "weights": {
    "lgbm": 0.9,
    "xgb": 0.1,
    "lstm": -2.7755575615628914e-17
  },
  "n_ticks_used": 9212,
  "n_trainable_labels": 5587
}