{
  "trained_at": "2026-05-24T07:09:38.018620+00:00",
  "metrics": {
    "n_train": 4937,
    "n_test": 1229,
    "accuracy": 0.5923515052888527,
    "auc": 0.5027590672858194,
    "auc_raw": 0.5027590672858194,
    "flip": false,
    "brier": 0.2439118894379003,
    "logloss": 0.6809233310599562,
    "base_rate": 0.45108365404091555,
    "brier_lgbm": 0.24523264548022447,
    "brier_xgb": 0.24509273534571901,
    "brier_lstm": 0.3310378715744145,
    "tradeable": false,
    "trade_block_reason": "auc < 0.54"
  },
  "weights": {
    "lgbm": 0.4,
    "xgb": 0.5,
    "lstm": 0.09999999999999998
  },
  "n_ticks_used": 10122,
  "n_trainable_labels": 6172
}