{
  "trained_at": "2026-05-10T18:22:14.704302+00:00",
  "metrics": {
    "n_train": 2127,
    "n_test": 526,
    "accuracy": 0.5874524714828897,
    "auc": 0.5877463054187191,
    "auc_raw": 0.5877463054187191,
    "flip": false,
    "brier": 0.24688250746656815,
    "logloss": 0.6868355914551153,
    "base_rate": 0.4692054536906441,
    "brier_lgbm": 0.24688250746656815,
    "brier_xgb": 0.2486733458311038,
    "brier_lstm": 0.38484624962270436,
    "tradeable": false,
    "trade_block_reason": "brier > 0.245"
  },
  "weights": {
    "lgbm": 1.0,
    "xgb": 0.0,
    "lstm": 0.0
  },
  "n_ticks_used": 4553,
  "n_trainable_labels": 2659
}