{
  "trained_at": "2026-04-28T12:39:01.585796+00:00",
  "metrics": {
    "n_train": 257,
    "n_test": 59,
    "accuracy": 0.288135593220339,
    "auc": 0.3123249299719888,
    "brier": 0.356648407890092,
    "logloss": 0.91735630533923,
    "base_rate": 0.45136186770428016,
    "brier_lgbm": 0.35077235431671244,
    "brier_xgb": 0.3293404308967492,
    "brier_lstm": 0.6804724862299859
  },
  "weights": {
    "lgbm": 0.1,
    "xgb": 0.8,
    "lstm": 0.09999999999999998
  },
  "n_ticks_used": 382
}