{
  "trained_at": "2026-06-09T13:05:44.797368+00:00",
  "metrics": {
    "n_train": 7751,
    "n_test": 1932,
    "accuracy": 0.5072463768115942,
    "auc": 0.4935081030677164,
    "auc_raw": 0.4935081030677164,
    "flip": false,
    "brier": 0.2513649282544805,
    "logloss": 0.6958963748298501,
    "base_rate": 0.45310282544187847,
    "brier_lgbm": 0.2513649282544805,
    "brier_xgb": 0.2523133936554559,
    "brier_lstm": 0.36872489519821094,
    "tradeable": false,
    "trade_block_reason": "auc < 0.54"
  },
  "weights": {
    "lgbm": 1.0,
    "xgb": 0.0,
    "lstm": 0.0
  },
  "n_ticks_used": 15709,
  "n_trainable_labels": 9689
}