{
  "trained_at": "2026-06-14T00:48:27.875335+00:00",
  "metrics": {
    "n_train": 8496,
    "n_test": 2119,
    "accuracy": 0.49882019820670126,
    "auc": 0.5298253586385102,
    "auc_raw": 0.5298253586385102,
    "flip": false,
    "brier": 0.25146481346020305,
    "logloss": 0.6961033501353141,
    "base_rate": 0.4576271186440678,
    "brier_lgbm": 0.25246408704349493,
    "brier_xgb": 0.2521387009275943,
    "brier_lstm": 0.34425901424351135,
    "tradeable": false,
    "trade_block_reason": "auc < 0.54"
  },
  "weights": {
    "lgbm": 0.2,
    "xgb": 0.7000000000000001,
    "lstm": 0.09999999999999998
  },
  "n_ticks_used": 17204,
  "n_trainable_labels": 10621
}