{
  "trained_at": "2026-05-21T00:44:30.637223+00:00",
  "metrics": {
    "n_train": 4250,
    "n_test": 1057,
    "accuracy": 0.5950804162724692,
    "auc": 0.5600686161910651,
    "auc_raw": 0.5600686161910651,
    "flip": false,
    "brier": 0.24269262173105674,
    "logloss": 0.6784743035470829,
    "base_rate": 0.45388235294117646,
    "brier_lgbm": 0.24351649549280308,
    "brier_xgb": 0.24274836507296335,
    "brier_lstm": 0.373870665926753,
    "tradeable": true,
    "trade_block_reason": "ok"
  },
  "weights": {
    "lgbm": 0.2,
    "xgb": 0.8,
    "lstm": 0.0
  },
  "n_ticks_used": 8799,
  "n_trainable_labels": 5313
}