{
  "trained_at": "2026-07-02T13:50:38.333030+00:00",
  "metrics": {
    "n_train": 11654,
    "n_test": 2908,
    "accuracy": 0.5044704264099037,
    "auc": 0.5284595695915405,
    "auc_raw": 0.5284595695915405,
    "flip": false,
    "brier": 0.257752310195433,
    "logloss": 0.7096530587997966,
    "base_rate": 0.4680796293118243,
    "brier_lgbm": 0.26242656450222457,
    "brier_xgb": 0.2602445785942469,
    "brier_lstm": 0.3399591078810441,
    "tradeable": false,
    "trade_block_reason": "auc < 0.54"
  },
  "weights": {
    "lgbm": 0.0,
    "xgb": 0.8,
    "lstm": 0.19999999999999996
  },
  "n_ticks_used": 23474,
  "n_trainable_labels": 14568
}