{
  "trained_at": "2026-06-07T18:30:24.803072+00:00",
  "metrics": {
    "n_train": 7450,
    "n_test": 1857,
    "accuracy": 0.4975767366720517,
    "auc": 0.5022927689594356,
    "auc_raw": 0.5022927689594356,
    "flip": false,
    "brier": 0.2521433780596566,
    "logloss": 0.6975113830095133,
    "base_rate": 0.45114093959731544,
    "brier_lgbm": 0.2530443735633602,
    "brier_xgb": 0.253060515731206,
    "brier_lstm": 0.3387392638717637,
    "tradeable": false,
    "trade_block_reason": "auc < 0.54"
  },
  "weights": {
    "lgbm": 0.30000000000000004,
    "xgb": 0.6000000000000001,
    "lstm": 0.09999999999999987
  },
  "n_ticks_used": 15124,
  "n_trainable_labels": 9313
}