{
  "trained_at": "2026-07-15T13:28:21.326321+00:00",
  "metrics": {
    "n_train": 12772,
    "n_test": 3187,
    "accuracy": 0.5127078757452149,
    "auc": 0.5115512370415027,
    "auc_raw": 0.5115512370415027,
    "flip": false,
    "brier": 0.24998896198897244,
    "logloss": 0.6931116167277844,
    "base_rate": 0.46711556529909176,
    "brier_lgbm": 0.2509009605830274,
    "brier_xgb": 0.24998896198897244,
    "brier_lstm": 0.36526525128627607,
    "tradeable": false,
    "trade_block_reason": "auc < 0.54"
  },
  "weights": {
    "lgbm": 0.0,
    "xgb": 1.0,
    "lstm": 0.0
  },
  "n_ticks_used": 25731,
  "n_trainable_labels": 15965
}