{
  "trained_at": "2026-05-31T00:44:46.246539+00:00",
  "metrics": {
    "n_train": 6134,
    "n_test": 1528,
    "accuracy": 0.5104712041884817,
    "auc": 0.5099745429298774,
    "auc_raw": 0.5099745429298774,
    "flip": false,
    "brier": 0.25257503041626406,
    "logloss": 0.6984172754415594,
    "base_rate": 0.44212585588522985,
    "brier_lgbm": 0.25263267937123457,
    "brier_xgb": 0.2530374920207576,
    "brier_lstm": 0.3727819204971387,
    "tradeable": false,
    "trade_block_reason": "auc < 0.54"
  },
  "weights": {
    "lgbm": 0.7000000000000001,
    "xgb": 0.30000000000000004,
    "lstm": -1.1102230246251565e-16
  },
  "n_ticks_used": 12508,
  "n_trainable_labels": 7668
}