{
  "trained_at": "2026-06-16T00:55:55.493511+00:00",
  "metrics": {
    "n_train": 8800,
    "n_test": 2195,
    "accuracy": 0.5220956719817768,
    "auc": 0.5158745865256849,
    "auc_raw": 0.5158745865256849,
    "flip": false,
    "brier": 0.2503682108898473,
    "logloss": 0.693901195566367,
    "base_rate": 0.4627272727272727,
    "brier_lgbm": 0.25100953744723103,
    "brier_xgb": 0.25327123377354693,
    "brier_lstm": 0.3534404547880793,
    "tradeable": false,
    "trade_block_reason": "auc < 0.54"
  },
  "weights": {
    "lgbm": 0.9,
    "xgb": 0.0,
    "lstm": 0.09999999999999998
  },
  "n_ticks_used": 17823,
  "n_trainable_labels": 11001
}