{
  "trained_at": "2026-06-18T18:51:32.346211+00:00",
  "metrics": {
    "n_train": 9144,
    "n_test": 2280,
    "accuracy": 0.4982456140350877,
    "auc": 0.4948460708022755,
    "auc_raw": 0.4948460708022755,
    "flip": false,
    "brier": 0.251738864680047,
    "logloss": 0.6966411698819348,
    "base_rate": 0.4575678040244969,
    "brier_lgbm": 0.251738864680047,
    "brier_xgb": 0.252631886114173,
    "brier_lstm": 0.3635908942879594,
    "tradeable": false,
    "trade_block_reason": "auc < 0.54"
  },
  "weights": {
    "lgbm": 1.0,
    "xgb": 0.0,
    "lstm": 0.0
  },
  "n_ticks_used": 18520,
  "n_trainable_labels": 11430
}