{
  "trained_at": "2026-06-29T07:45:18.448468+00:00",
  "metrics": {
    "n_train": 11149,
    "n_test": 2782,
    "accuracy": 0.51294033069734,
    "auc": 0.5246588590623117,
    "auc_raw": 0.5246588590623117,
    "flip": false,
    "brier": 0.24970470185130172,
    "logloss": 0.6925559046928562,
    "base_rate": 0.4673064848865369,
    "brier_lgbm": 0.24970470185130172,
    "brier_xgb": 0.25008338555308884,
    "brier_lstm": 0.36374902442436347,
    "tradeable": false,
    "trade_block_reason": "auc < 0.54"
  },
  "weights": {
    "lgbm": 1.0,
    "xgb": 0.0,
    "lstm": 0.0
  },
  "n_ticks_used": 22463,
  "n_trainable_labels": 13937
}