{
  "trained_at": "2026-05-21T18:42:04.693967+00:00",
  "metrics": {
    "n_train": 4356,
    "n_test": 1084,
    "accuracy": 0.5636531365313653,
    "auc": 0.5421243479367234,
    "auc_raw": 0.5421243479367234,
    "flip": false,
    "brier": 0.24357871629023853,
    "logloss": 0.6802064337867619,
    "base_rate": 0.4561524334251607,
    "brier_lgbm": 0.24376753415026753,
    "brier_xgb": 0.24398136222004554,
    "brier_lstm": 0.34758460089160736,
    "tradeable": true,
    "trade_block_reason": "ok"
  },
  "weights": {
    "lgbm": 0.6000000000000001,
    "xgb": 0.30000000000000004,
    "lstm": 0.09999999999999987
  },
  "n_ticks_used": 9007,
  "n_trainable_labels": 5446
}