{
  "trained_at": "2026-06-09T00:42:06.320419+00:00",
  "metrics": {
    "n_train": 7662,
    "n_test": 1910,
    "accuracy": 0.4900523560209424,
    "auc": 0.5135359891870068,
    "auc_raw": 0.5135359891870068,
    "flip": false,
    "brier": 0.2516132835855469,
    "logloss": 0.696435800864592,
    "base_rate": 0.45131819368311143,
    "brier_lgbm": 0.25268142824746376,
    "brier_xgb": 0.25207230618389265,
    "brier_lstm": 0.35865259326325244,
    "tradeable": false,
    "trade_block_reason": "auc < 0.54"
  },
  "weights": {
    "lgbm": 0.0,
    "xgb": 0.9,
    "lstm": 0.09999999999999998
  },
  "n_ticks_used": 15543,
  "n_trainable_labels": 9578
}