{
  "trained_at": "2026-05-21T07:20:08.058970+00:00",
  "metrics": {
    "n_train": 4283,
    "n_test": 1065,
    "accuracy": 0.6140845070422535,
    "auc": 0.5599740847055714,
    "auc_raw": 0.5599740847055714,
    "flip": false,
    "brier": 0.24221201423824043,
    "logloss": 0.6775440745783193,
    "base_rate": 0.4562222741069344,
    "brier_lgbm": 0.24232757826696952,
    "brier_xgb": 0.24276066813768726,
    "brier_lstm": 0.3522979538138548,
    "tradeable": true,
    "trade_block_reason": "ok"
  },
  "weights": {
    "lgbm": 0.7000000000000001,
    "xgb": 0.30000000000000004,
    "lstm": -1.1102230246251565e-16
  },
  "n_ticks_used": 8865,
  "n_trainable_labels": 5354
}