{
  "trained_at": "2026-06-11T13:20:37.893651+00:00",
  "metrics": {
    "n_train": 8056,
    "n_test": 2008,
    "accuracy": 0.5393426294820717,
    "auc": 0.5650437791799048,
    "auc_raw": 0.5650437791799048,
    "flip": false,
    "brier": 0.2469613992155818,
    "logloss": 0.6870511445716786,
    "base_rate": 0.4566782522343595,
    "brier_lgbm": 0.2502889113791525,
    "brier_xgb": 0.2497744585484813,
    "brier_lstm": 0.32478768676959546,
    "tradeable": false,
    "trade_block_reason": "brier > 0.245"
  },
  "weights": {
    "lgbm": 0.0,
    "xgb": 0.8,
    "lstm": 0.19999999999999996
  },
  "n_ticks_used": 16320,
  "n_trainable_labels": 10070
}