{
  "trained_at": "2026-05-09T06:46:30.151954+00:00",
  "metrics": {
    "n_train": 1676,
    "n_test": 413,
    "accuracy": 0.5084745762711864,
    "auc": 0.49901408450704227,
    "auc_raw": 0.49901408450704227,
    "flip": false,
    "brier": 0.2531770271189326,
    "logloss": 0.7000422273232078,
    "base_rate": 0.46897374701670647,
    "brier_lgbm": 0.2531770271189326,
    "brier_xgb": 0.26067883186856106,
    "brier_lstm": 0.40960373022282925,
    "tradeable": false,
    "trade_block_reason": "auc < 0.54"
  },
  "weights": {
    "lgbm": 1.0,
    "xgb": 0.0,
    "lstm": 0.0
  },
  "n_ticks_used": 3642,
  "n_trainable_labels": 2095
}