{
  "trained_at": "2026-04-29T18:33:19.919146+00:00",
  "metrics": {
    "n_train": 290,
    "n_test": 67,
    "accuracy": 0.3880597014925373,
    "auc": 0.9578544061302682,
    "brier": 0.257088358999279,
    "logloss": 0.7067862795102163,
    "base_rate": 0.4793103448275862,
    "brier_lgbm": 0.25579389730107893,
    "brier_xgb": 0.2383135795405242,
    "brier_lstm": 0.618351769503763
  },
  "weights": {
    "lgbm": 0.1,
    "xgb": 0.8,
    "lstm": 0.09999999999999998
  },
  "n_ticks_used": 423
}