{
  "trained_at": "2026-05-09T18:22:11.830435+00:00",
  "metrics": {
    "n_train": 1826,
    "n_test": 451,
    "accuracy": 0.5011086474501109,
    "auc": 0.5204129793510325,
    "auc_raw": 0.5204129793510325,
    "flip": false,
    "brier": 0.2511437152317782,
    "logloss": 0.695475873788526,
    "base_rate": 0.4644030668127054,
    "brier_lgbm": 0.2511437152317782,
    "brier_xgb": 0.25275397028280716,
    "brier_lstm": 0.37927692421460074,
    "tradeable": false,
    "trade_block_reason": "auc < 0.54"
  },
  "weights": {
    "lgbm": 1.0,
    "xgb": 0.0,
    "lstm": 0.0
  },
  "n_ticks_used": 3953,
  "n_trainable_labels": 2283
}