{
  "trained_at": "2026-06-20T18:34:25.724826+00:00",
  "metrics": {
    "n_train": 9490,
    "n_test": 2367,
    "accuracy": 0.47782002534854245,
    "auc": 0.4911597963940005,
    "auc_raw": 0.4911597963940005,
    "flip": false,
    "brier": 0.25319223856197925,
    "logloss": 0.69956182615971,
    "base_rate": 0.4582718651211802,
    "brier_lgbm": 0.2532639451218074,
    "brier_xgb": 0.253338802730702,
    "brier_lstm": 0.3694326968843571,
    "tradeable": false,
    "trade_block_reason": "auc < 0.54"
  },
  "weights": {
    "lgbm": 0.6000000000000001,
    "xgb": 0.4,
    "lstm": -1.1102230246251565e-16
  },
  "n_ticks_used": 19202,
  "n_trainable_labels": 11863
}