{
  "trained_at": "2026-05-23T12:23:51.125944+00:00",
  "metrics": {
    "n_train": 4716,
    "n_test": 1174,
    "accuracy": 0.580068143100511,
    "auc": 0.5201615201615202,
    "auc_raw": 0.5201615201615202,
    "flip": false,
    "brier": 0.24286594943006787,
    "logloss": 0.6787823518185415,
    "base_rate": 0.44592875318066155,
    "brier_lgbm": 0.2435610228680232,
    "brier_xgb": 0.2458270051028991,
    "brier_lstm": 0.3329008709977243,
    "tradeable": false,
    "trade_block_reason": "auc < 0.54"
  },
  "weights": {
    "lgbm": 0.9,
    "xgb": 0.0,
    "lstm": 0.09999999999999998
  },
  "n_ticks_used": 9698,
  "n_trainable_labels": 5896
}