{
  "trained_at": "2026-05-20T18:50:52.966305+00:00",
  "metrics": {
    "n_train": 4200,
    "n_test": 1044,
    "accuracy": 0.5919540229885057,
    "auc": 0.5403815089681656,
    "auc_raw": 0.5403815089681656,
    "flip": false,
    "brier": 0.24314427056114324,
    "logloss": 0.6794029194889565,
    "base_rate": 0.45357142857142857,
    "brier_lgbm": 0.2437836103441505,
    "brier_xgb": 0.24320312400687277,
    "brier_lstm": 0.3976121172604056,
    "tradeable": true,
    "trade_block_reason": "ok"
  },
  "weights": {
    "lgbm": 0.2,
    "xgb": 0.8,
    "lstm": 0.0
  },
  "n_ticks_used": 8696,
  "n_trainable_labels": 5250
}