{
  "trained_at": "2026-06-14T07:39:32.115587+00:00",
  "metrics": {
    "n_train": 8524,
    "n_test": 2126,
    "accuracy": 0.5216368767638758,
    "auc": 0.5362705924519786,
    "auc_raw": 0.5362705924519786,
    "flip": false,
    "brier": 0.25015033026593575,
    "logloss": 0.6934772798603999,
    "base_rate": 0.4587048334115439,
    "brier_lgbm": 0.25534075900784675,
    "brier_xgb": 0.2520145350681693,
    "brier_lstm": 0.34018314341627043,
    "tradeable": false,
    "trade_block_reason": "auc < 0.54"
  },
  "weights": {
    "lgbm": 0.0,
    "xgb": 0.9,
    "lstm": 0.09999999999999998
  },
  "n_ticks_used": 17264,
  "n_trainable_labels": 10656
}