{
  "trained_at": "2026-07-23T08:25:09.858091+00:00",
  "metrics": {
    "n_train": 13528,
    "n_test": 3376,
    "accuracy": 0.5127369668246445,
    "auc": 0.5314004522814854,
    "auc_raw": 0.5314004522814854,
    "flip": false,
    "brier": 0.24983095005235914,
    "logloss": 0.6928107759646561,
    "base_rate": 0.4737581312832643,
    "brier_lgbm": 0.25024366312163737,
    "brier_xgb": 0.25353260360040797,
    "brier_lstm": 0.34799068794937027,
    "tradeable": false,
    "trade_block_reason": "auc < 0.54"
  },
  "weights": {
    "lgbm": 0.9,
    "xgb": 0.0,
    "lstm": 0.09999999999999998
  },
  "n_ticks_used": 27239,
  "n_trainable_labels": 16910
}