{
  "trained_at": "2026-04-28T00:36:07.606037+00:00",
  "metrics": {
    "n_train": 247,
    "n_test": 56,
    "accuracy": 0.48214285714285715,
    "auc": 0.06130268199233716,
    "brier": 0.29080147023161856,
    "logloss": 0.7792542141326313,
    "base_rate": 0.4291497975708502,
    "brier_lgbm": 0.28359600717874617,
    "brier_xgb": 0.2721114453904895,
    "brier_lstm": 0.5461925809832078
  },
  "weights": {
    "lgbm": 0.1,
    "xgb": 0.8,
    "lstm": 0.09999999999999998
  },
  "n_ticks_used": 369
}