{
  "trained_at": "2026-05-01T18:26:20.686961+00:00",
  "metrics": {
    "n_train": 351,
    "n_test": 82,
    "accuracy": 0.5487804878048781,
    "auc": 0.5992192582953806,
    "auc_raw": 0.5992192582953806,
    "flip": false,
    "brier": 0.2394823014506157,
    "logloss": 0.6717450095461445,
    "base_rate": 0.4074074074074074,
    "brier_lgbm": 0.24851319665540217,
    "brier_xgb": 0.23865043304006808,
    "brier_lstm": 0.41418031543721967
  },
  "weights": {
    "lgbm": 0.1,
    "xgb": 0.8,
    "lstm": 0.09999999999999998
  },
  "n_ticks_used": 499
}