{
  "trained_at": "2026-07-01T07:33:18.911062+00:00",
  "metrics": {
    "n_train": 11511,
    "n_test": 2872,
    "accuracy": 0.5295961002785515,
    "auc": 0.5388982284032826,
    "auc_raw": 0.5388982284032826,
    "flip": false,
    "brier": 0.2490000307680065,
    "logloss": 0.691149473038358,
    "base_rate": 0.46564156024672054,
    "brier_lgbm": 0.2601311275208028,
    "brier_xgb": 0.2503769851751846,
    "brier_lstm": 0.3517797699375138,
    "tradeable": false,
    "trade_block_reason": "auc < 0.54"
  },
  "weights": {
    "lgbm": 0.0,
    "xgb": 0.9,
    "lstm": 0.09999999999999998
  },
  "n_ticks_used": 23170,
  "n_trainable_labels": 14389
}