{
  "trained_at": "2026-05-24T00:42:13.107496+00:00",
  "metrics": {
    "n_train": 4888,
    "n_test": 1217,
    "accuracy": 0.589975349219392,
    "auc": 0.478690776562938,
    "auc_raw": 0.478690776562938,
    "flip": false,
    "brier": 0.2437995906123354,
    "logloss": 0.6807187585313508,
    "base_rate": 0.4500818330605565,
    "brier_lgbm": 0.2437995906123354,
    "brier_xgb": 0.24483653056075938,
    "brier_lstm": 0.34298917750897995,
    "tradeable": false,
    "trade_block_reason": "auc < 0.54"
  },
  "weights": {
    "lgbm": 1.0,
    "xgb": 0.0,
    "lstm": 0.0
  },
  "n_ticks_used": 10036,
  "n_trainable_labels": 6111
}