{
  "trained_at": "2026-07-24T08:19:38.064753+00:00",
  "metrics": {
    "n_train": 13628,
    "n_test": 3402,
    "accuracy": 0.4794238683127572,
    "auc": 0.5050157242340171,
    "auc_raw": 0.5050157242340171,
    "flip": false,
    "brier": 0.25020977254393956,
    "logloss": 0.6935541088395899,
    "base_rate": 0.4729967713530966,
    "brier_lgbm": 0.25027154438335003,
    "brier_xgb": 0.2502528123266772,
    "brier_lstm": 0.3493590471637735,
    "tradeable": false,
    "trade_block_reason": "auc < 0.54"
  },
  "weights": {
    "lgbm": 0.5,
    "xgb": 0.5,
    "lstm": 0.0
  },
  "n_ticks_used": 27438,
  "n_trainable_labels": 17036
}