{
  "trained_at": "2026-06-19T00:55:24.852341+00:00",
  "metrics": {
    "n_train": 9198,
    "n_test": 2294,
    "accuracy": 0.502615518744551,
    "auc": 0.5079134503190693,
    "auc_raw": 0.5079134503190693,
    "flip": false,
    "brier": 0.25206340424320434,
    "logloss": 0.6973522869299209,
    "base_rate": 0.45716460100021744,
    "brier_lgbm": 0.2534066583266794,
    "brier_xgb": 0.2524851264670316,
    "brier_lstm": 0.3499524497462554,
    "tradeable": false,
    "trade_block_reason": "auc < 0.54"
  },
  "weights": {
    "lgbm": 0.0,
    "xgb": 0.9,
    "lstm": 0.09999999999999998
  },
  "n_ticks_used": 18624,
  "n_trainable_labels": 11498
}