{
  "trained_at": "2026-05-18T13:15:59.802427+00:00",
  "metrics": {
    "n_train": 3831,
    "n_test": 952,
    "accuracy": 0.41596638655462187,
    "auc": 0.5602246056437966,
    "auc_raw": 0.43977539435620333,
    "flip": true,
    "brier": 0.25888529429385587,
    "logloss": 0.7109893830105671,
    "base_rate": 0.4560167058209345,
    "brier_lgbm": 0.25712794210492795,
    "brier_xgb": 0.25888529429385587,
    "brier_lstm": 0.38390950784030925,
    "tradeable": false,
    "trade_block_reason": "brier > 0.245"
  },
  "weights": {
    "lgbm": 0.0,
    "xgb": 1.0,
    "lstm": 0.0
  },
  "n_ticks_used": 7938,
  "n_trainable_labels": 4789
}