{
  "trained_at": "2026-07-23T13:47:49.225613+00:00",
  "metrics": {
    "n_train": 13532,
    "n_test": 3378,
    "accuracy": 0.4698046181172291,
    "auc": 0.5072850776320869,
    "auc_raw": 0.5072850776320869,
    "flip": false,
    "brier": 0.25072934106839756,
    "logloss": 0.6946060999854604,
    "base_rate": 0.47391368607744605,
    "brier_lgbm": 0.25072934106839756,
    "brier_xgb": 0.2515389869174758,
    "brier_lstm": 0.35127221267681635,
    "tradeable": false,
    "trade_block_reason": "auc < 0.54"
  },
  "weights": {
    "lgbm": 1.0,
    "xgb": 0.0,
    "lstm": 0.0
  },
  "n_ticks_used": 27260,
  "n_trainable_labels": 16916
}