{
  "trained_at": "2026-05-23T00:41:32.276585+00:00",
  "metrics": {
    "n_train": 4631,
    "n_test": 1152,
    "accuracy": 0.5894097222222222,
    "auc": 0.4875974508396367,
    "auc_raw": 0.4875974508396367,
    "flip": false,
    "brier": 0.2435414881379432,
    "logloss": 0.6802115139076054,
    "base_rate": 0.44720362772619304,
    "brier_lgbm": 0.2435414881379432,
    "brier_xgb": 0.24728317945873732,
    "brier_lstm": 0.3602046776083915,
    "tradeable": false,
    "trade_block_reason": "auc < 0.54"
  },
  "weights": {
    "lgbm": 1.0,
    "xgb": 0.0,
    "lstm": 0.0
  },
  "n_ticks_used": 9524,
  "n_trainable_labels": 5789
}