{
  "trained_at": "2026-07-14T07:57:15.943147+00:00",
  "metrics": {
    "n_train": 12620,
    "n_test": 3150,
    "accuracy": 0.5177777777777778,
    "auc": 0.5247409776592348,
    "auc_raw": 0.5247409776592348,
    "flip": false,
    "brier": 0.24964376892114834,
    "logloss": 0.6924342865813641,
    "base_rate": 0.468621236133122,
    "brier_lgbm": 0.24999092190473135,
    "brier_xgb": 0.24964376892114834,
    "brier_lstm": 0.351321211378216,
    "tradeable": false,
    "trade_block_reason": "auc < 0.54"
  },
  "weights": {
    "lgbm": 0.0,
    "xgb": 1.0,
    "lstm": 0.0
  },
  "n_ticks_used": 25444,
  "n_trainable_labels": 15776
}