{
  "trained_at": "2026-05-29T07:23:21.005567+00:00",
  "metrics": {
    "n_train": 5711,
    "n_test": 1422,
    "accuracy": 0.4936708860759494,
    "auc": 0.5366012205353893,
    "auc_raw": 0.5366012205353893,
    "flip": false,
    "brier": 0.2542039201938945,
    "logloss": 0.7016247754931164,
    "base_rate": 0.4412537208895115,
    "brier_lgbm": 0.25421353302614536,
    "brier_xgb": 0.2546960134908553,
    "brier_lstm": 0.3828303399433355,
    "tradeable": false,
    "trade_block_reason": "auc < 0.54"
  },
  "weights": {
    "lgbm": 0.9,
    "xgb": 0.1,
    "lstm": -2.7755575615628914e-17
  },
  "n_ticks_used": 11709,
  "n_trainable_labels": 7139
}