{
  "trained_at": "2026-06-01T07:49:10.243958+00:00",
  "metrics": {
    "n_train": 6424,
    "n_test": 1601,
    "accuracy": 0.4990630855715178,
    "auc": 0.5155380941976966,
    "auc_raw": 0.5155380941976966,
    "flip": false,
    "brier": 0.252946322851598,
    "logloss": 0.6990635650820566,
    "base_rate": 0.4456724782067248,
    "brier_lgbm": 0.2529693823542622,
    "brier_xgb": 0.2533027320811862,
    "brier_lstm": 0.3740125001411059,
    "tradeable": false,
    "trade_block_reason": "auc < 0.54"
  },
  "weights": {
    "lgbm": 0.8,
    "xgb": 0.2,
    "lstm": -5.551115123125783e-17
  },
  "n_ticks_used": 13079,
  "n_trainable_labels": 8031
}