{
  "trained_at": "2026-05-27T00:43:30.604112+00:00",
  "metrics": {
    "n_train": 5430,
    "n_test": 1352,
    "accuracy": 0.522189349112426,
    "auc": 0.5118417621523783,
    "auc_raw": 0.5118417621523783,
    "flip": false,
    "brier": 0.250296259929847,
    "logloss": 0.6937517288256406,
    "base_rate": 0.4462246777163904,
    "brier_lgbm": 0.25067320673542826,
    "brier_xgb": 0.250296259929847,
    "brier_lstm": 0.37499330748903636,
    "tradeable": false,
    "trade_block_reason": "auc < 0.54"
  },
  "weights": {
    "lgbm": 0.0,
    "xgb": 1.0,
    "lstm": 0.0
  },
  "n_ticks_used": 11132,
  "n_trainable_labels": 6788
}