{
  "trained_at": "2026-07-13T19:20:35.059624+00:00",
  "metrics": {
    "n_train": 12552,
    "n_test": 3132,
    "accuracy": 0.5226692209450831,
    "auc": 0.5326183585457885,
    "auc_raw": 0.5326183585457885,
    "flip": false,
    "brier": 0.24866564812615502,
    "logloss": 0.6904619758995462,
    "base_rate": 0.46980560866794135,
    "brier_lgbm": 0.2492829044339261,
    "brier_xgb": 0.24971316383485967,
    "brier_lstm": 0.34188516554891624,
    "tradeable": false,
    "trade_block_reason": "auc < 0.54"
  },
  "weights": {
    "lgbm": 0.6000000000000001,
    "xgb": 0.30000000000000004,
    "lstm": 0.09999999999999987
  },
  "n_ticks_used": 25324,
  "n_trainable_labels": 15690
}