{
  "trained_at": "2026-04-29T20:43:19.741726+00:00",
  "metrics": {
    "n_train": 293,
    "n_test": 68,
    "accuracy": 0.5147058823529411,
    "auc": 0.591337099811676,
    "auc_raw": 0.591337099811676,
    "flip": false,
    "brier": 0.2431198681853718,
    "logloss": 0.6792780266594989,
    "base_rate": 0.47440273037542663,
    "brier_lgbm": 0.24254992753827362,
    "brier_xgb": 0.2328150840805633,
    "brier_lstm": 0.4538562567598882
  },
  "weights": {
    "lgbm": 0.1,
    "xgb": 0.8,
    "lstm": 0.09999999999999998
  },
  "n_ticks_used": 427
}