{
  "trained_at": "2026-06-20T00:45:45.787045+00:00",
  "metrics": {
    "n_train": 9364,
    "n_test": 2335,
    "accuracy": 0.5036402569593148,
    "auc": 0.5318610399255561,
    "auc_raw": 0.5318610399255561,
    "flip": false,
    "brier": 0.2514903563452081,
    "logloss": 0.6961696201232841,
    "base_rate": 0.4580307560871422,
    "brier_lgbm": 0.2533292174210714,
    "brier_xgb": 0.25295541711113567,
    "brier_lstm": 0.33493441013416647,
    "tradeable": false,
    "trade_block_reason": "auc < 0.54"
  },
  "weights": {
    "lgbm": 0.1,
    "xgb": 0.8,
    "lstm": 0.09999999999999998
  },
  "n_ticks_used": 18954,
  "n_trainable_labels": 11705
}