{
  "trained_at": "2026-04-27T19:35:01.748470+00:00",
  "metrics": {
    "n_train": 234,
    "n_test": 53,
    "accuracy": 0.7169811320754716,
    "auc": 0.23653846153846153,
    "brier": 0.2180134422768242,
    "logloss": 0.6300153220699429,
    "base_rate": 0.3974358974358974,
    "brier_lgbm": 0.24193553504679696,
    "brier_xgb": 0.22749624504044708,
    "brier_lstm": 0.27091228070165785
  },
  "weights": {
    "lgbm": 0.1,
    "xgb": 0.6,
    "lstm": 0.30000000000000004
  },
  "n_ticks_used": 353
}