{
  "trained_at": "2026-07-04T13:16:04.946526+00:00",
  "metrics": {
    "n_train": 11805,
    "n_test": 2946,
    "accuracy": 0.49185336048879835,
    "auc": 0.5317289272030652,
    "auc_raw": 0.5317289272030652,
    "flip": false,
    "brier": 0.2604308033271249,
    "logloss": 0.7148002488714823,
    "base_rate": 0.46886912325285895,
    "brier_lgbm": 0.27182345840019967,
    "brier_xgb": 0.2609904527084095,
    "brier_lstm": 0.3726084541436965,
    "tradeable": false,
    "trade_block_reason": "auc < 0.54"
  },
  "weights": {
    "lgbm": 0.0,
    "xgb": 0.9,
    "lstm": 0.09999999999999998
  },
  "n_ticks_used": 23789,
  "n_trainable_labels": 14757
}