{
  "trained_at": "2026-07-21T08:20:58.366039+00:00",
  "metrics": {
    "n_train": 13366,
    "n_test": 3336,
    "accuracy": 0.507494004796163,
    "auc": 0.5324480623396097,
    "auc_raw": 0.5324480623396097,
    "flip": false,
    "brier": 0.24897090721615378,
    "logloss": 0.6910715525720165,
    "base_rate": 0.47142002094867574,
    "brier_lgbm": 0.24897090721615378,
    "brier_xgb": 0.2501679159875006,
    "brier_lstm": 0.3705162196266314,
    "tradeable": false,
    "trade_block_reason": "auc < 0.54"
  },
  "weights": {
    "lgbm": 1.0,
    "xgb": 0.0,
    "lstm": 0.0
  },
  "n_ticks_used": 26907,
  "n_trainable_labels": 16708
}